Round;Date;Team 1;Home;Guest;Team 2;Liga;Startjahr
1;Fri Sep 18 2020;Bayern München;8;0;FC Schalke 04;1;2020
1;Sat Sep 19 2020;Eintracht Frankfurt;1;1;Arminia Bielefeld;1;2020
1;Sat Sep 19 2020;1. FC Union Berlin;1;3;FC Augsburg;1;2020
1;Sat Sep 19 2020;1. FC Köln;2;3;TSG 1899 Hoffenheim;1;2020
1;Sat Sep 19 2020;Werder Bremen;1;4;Hertha BSC;1;2020
1;Sat Sep 19 2020;VfB Stuttgart;2;3;SC Freiburg;1;2020
1;Sat Sep 19 2020;Borussia Dortmund;3;0;Bor. Mönchengladbach;1;2020
1;Sun Sep 20 2020;RB Leipzig;3;1;1. FSV Mainz 05;1;2020
1;Sun Sep 20 2020;VfL Wolfsburg;0;0;Bayer 04 Leverkusen;1;2020
2;Fri Sep 25 2020;Hertha BSC;1;3;Eintracht Frankfurt;1;2020
2;Sat Sep 26 2020;Bor. Mönchengladbach;1;1;1. FC Union Berlin;1;2020
2;Sat Sep 26 2020;Bayer 04 Leverkusen;1;1;RB Leipzig;1;2020
2;Sat Sep 26 2020;1. FSV Mainz 05;1;4;VfB Stuttgart;1;2020
2;Sat Sep 26 2020;FC Augsburg;2;0;Borussia Dortmund;1;2020
2;Sat Sep 26 2020;Arminia Bielefeld;1;0;1. FC Köln;1;2020
2;Sat Sep 26 2020;FC Schalke 04;1;3;Werder Bremen;1;2020
2;Sun Sep 27 2020;TSG 1899 Hoffenheim;4;1;Bayern München;1;2020
2;Sun Sep 27 2020;SC Freiburg;1;1;VfL Wolfsburg;1;2020
3;Fri Oct 2 2020;1. FC Union Berlin;4;0;1. FSV Mainz 05;1;2020
3;Sat Oct 3 2020;Borussia Dortmund;4;0;SC Freiburg;1;2020
3;Sat Oct 3 2020;Eintracht Frankfurt;2;1;TSG 1899 Hoffenheim;1;2020
3;Sat Oct 3 2020;1. FC Köln;1;3;Bor. Mönchengladbach;1;2020
3;Sat Oct 3 2020;Werder Bremen;1;0;Arminia Bielefeld;1;2020
3;Sat Oct 3 2020;VfB Stuttgart;1;1;Bayer 04 Leverkusen;1;2020
3;Sat Oct 3 2020;RB Leipzig;4;0;FC Schalke 04;1;2020
3;Sun Oct 4 2020;VfL Wolfsburg;0;0;FC Augsburg;1;2020
3;Sun Oct 4 2020;Bayern München;4;3;Hertha BSC;1;2020
4;Sat Oct 17 2020;TSG 1899 Hoffenheim;0;1;Borussia Dortmund;1;2020
4;Sat Oct 17 2020;SC Freiburg;1;1;Werder Bremen;1;2020
4;Sat Oct 17 2020;Hertha BSC;0;2;VfB Stuttgart;1;2020
4;Sat Oct 17 2020;1. FSV Mainz 05;0;1;Bayer 04 Leverkusen;1;2020
4;Sat Oct 17 2020;FC Augsburg;0;2;RB Leipzig;1;2020
4;Sat Oct 17 2020;Arminia Bielefeld;1;4;Bayern München;1;2020
4;Sat Oct 17 2020;Bor. Mönchengladbach;1;1;VfL Wolfsburg;1;2020
4;Sun Oct 18 2020;1. FC Köln;1;1;Eintracht Frankfurt;1;2020
4;Sun Oct 18 2020;FC Schalke 04;1;1;1. FC Union Berlin;1;2020
5;Fri Oct 23 2020;VfB Stuttgart;1;1;1. FC Köln;1;2020
5;Sat Oct 24 2020;Bayern München;5;0;Eintracht Frankfurt;1;2020
5;Sat Oct 24 2020;RB Leipzig;2;1;Hertha BSC;1;2020
5;Sat Oct 24 2020;1. FC Union Berlin;1;1;SC Freiburg;1;2020
5;Sat Oct 24 2020;1. FSV Mainz 05;2;3;Bor. Mönchengladbach;1;2020
5;Sat Oct 24 2020;Borussia Dortmund;3;0;FC Schalke 04;1;2020
5;Sun Oct 25 2020;VfL Wolfsburg;2;1;Arminia Bielefeld;1;2020
5;Sun Oct 25 2020;Werder Bremen;1;1;TSG 1899 Hoffenheim;1;2020
5;Mon Oct 26 2020;Bayer 04 Leverkusen;3;1;FC Augsburg;1;2020
6;Fri Oct 30 2020;FC Schalke 04;1;1;VfB Stuttgart;1;2020
6;Sat Oct 31 2020;Eintracht Frankfurt;1;1;Werder Bremen;1;2020
6;Sat Oct 31 2020;1. FC Köln;1;2;Bayern München;1;2020
6;Sat Oct 31 2020;FC Augsburg;3;1;1. FSV Mainz 05;1;2020
6;Sat Oct 31 2020;Arminia Bielefeld;0;2;Borussia Dortmund;1;2020
6;Sat Oct 31 2020;Bor. Mönchengladbach;1;0;RB Leipzig;1;2020
6;Sun Nov 1 2020;SC Freiburg;2;4;Bayer 04 Leverkusen;1;2020
6;Sun Nov 1 2020;Hertha BSC;1;1;VfL Wolfsburg;1;2020
6;Mon Nov 2 2020;TSG 1899 Hoffenheim;1;3;1. FC Union Berlin;1;2020
7;Fri Nov 6 2020;Werder Bremen;1;1;1. FC Köln;1;2020
7;Sat Nov 7 2020;RB Leipzig;3;0;SC Freiburg;1;2020
7;Sat Nov 7 2020;1. FC Union Berlin;5;0;Arminia Bielefeld;1;2020
7;Sat Nov 7 2020;1. FSV Mainz 05;2;2;FC Schalke 04;1;2020
7;Sat Nov 7 2020;FC Augsburg;0;3;Hertha BSC;1;2020
7;Sat Nov 7 2020;VfB Stuttgart;2;2;Eintracht Frankfurt;1;2020
7;Sat Nov 7 2020;Borussia Dortmund;2;3;Bayern München;1;2020
7;Sun Nov 8 2020;VfL Wolfsburg;2;1;TSG 1899 Hoffenheim;1;2020
7;Sun Nov 8 2020;Bayer 04 Leverkusen;4;3;Bor. Mönchengladbach;1;2020
8;Sat Nov 21 2020;Bayern München;1;1;Werder Bremen;1;2020
8;Sat Nov 21 2020;Bor. Mönchengladbach;1;1;FC Augsburg;1;2020
8;Sat Nov 21 2020;TSG 1899 Hoffenheim;3;3;VfB Stuttgart;1;2020
8;Sat Nov 21 2020;FC Schalke 04;0;2;VfL Wolfsburg;1;2020
8;Sat Nov 21 2020;Arminia Bielefeld;1;2;Bayer 04 Leverkusen;1;2020
8;Sat Nov 21 2020;Eintracht Frankfurt;1;1;RB Leipzig;1;2020
8;Sat Nov 21 2020;Hertha BSC;2;5;Borussia Dortmund;1;2020
8;Sun Nov 22 2020;SC Freiburg;1;3;1. FSV Mainz 05;1;2020
8;Sun Nov 22 2020;1. FC Köln;1;2;1. FC Union Berlin;1;2020
9;Fri Nov 27 2020;VfL Wolfsburg;5;3;Werder Bremen;1;2020
9;Sat Nov 28 2020;Borussia Dortmund;1;2;1. FC Köln;1;2020
9;Sat Nov 28 2020;RB Leipzig;2;1;Arminia Bielefeld;1;2020
9;Sat Nov 28 2020;1. FC Union Berlin;3;3;Eintracht Frankfurt;1;2020
9;Sat Nov 28 2020;FC Augsburg;1;1;SC Freiburg;1;2020
9;Sat Nov 28 2020;VfB Stuttgart;1;3;Bayern München;1;2020
9;Sat Nov 28 2020;Bor. Mönchengladbach;4;1;FC Schalke 04;1;2020
9;Sun Nov 29 2020;Bayer 04 Leverkusen;0;0;Hertha BSC;1;2020
9;Sun Nov 29 2020;1. FSV Mainz 05;1;1;TSG 1899 Hoffenheim;1;2020
10;Fri Dec 4 2020;Hertha BSC;3;1;1. FC Union Berlin;1;2020
10;Sat Dec 5 2020;SC Freiburg;2;2;Bor. Mönchengladbach;1;2020
10;Sat Dec 5 2020;Eintracht Frankfurt;1;1;Borussia Dortmund;1;2020
10;Sat Dec 5 2020;1. FC Köln;2;2;VfL Wolfsburg;1;2020
10;Sat Dec 5 2020;Arminia Bielefeld;2;1;1. FSV Mainz 05;1;2020
10;Sat Dec 5 2020;Bayern München;3;3;RB Leipzig;1;2020
10;Sun Dec 6 2020;Werder Bremen;1;2;VfB Stuttgart;1;2020
10;Sun Dec 6 2020;FC Schalke 04;0;3;Bayer 04 Leverkusen;1;2020
10;Mon Dec 7 2020;TSG 1899 Hoffenheim;3;1;FC Augsburg;1;2020
11;Fri Dec 11 2020;VfL Wolfsburg;2;1;Eintracht Frankfurt;1;2020
11;Sat Dec 12 2020;Borussia Dortmund;1;5;VfB Stuttgart;1;2020
11;Sat Dec 12 2020;RB Leipzig;2;0;Werder Bremen;1;2020
11;Sat Dec 12 2020;Bor. Mönchengladbach;1;1;Hertha BSC;1;2020
11;Sat Dec 12 2020;SC Freiburg;2;0;Arminia Bielefeld;1;2020
11;Sat Dec 12 2020;1. FSV Mainz 05;0;1;1. FC Köln;1;2020
11;Sat Dec 12 2020;1. FC Union Berlin;1;1;Bayern München;1;2020
11;Sun Dec 13 2020;FC Augsburg;2;2;FC Schalke 04;1;2020
11;Sun Dec 13 2020;Bayer 04 Leverkusen;4;1;TSG 1899 Hoffenheim;1;2020
12;Tue Dec 15 2020;Eintracht Frankfurt;3;3;Bor. Mönchengladbach;1;2020
12;Tue Dec 15 2020;Hertha BSC;0;0;1. FSV Mainz 05;1;2020
12;Tue Dec 15 2020;Werder Bremen;1;2;Borussia Dortmund;1;2020
12;Tue Dec 15 2020;VfB Stuttgart;2;2;1. FC Union Berlin;1;2020
12;Wed Dec 16 2020;FC Schalke 04;0;2;SC Freiburg;1;2020
12;Wed Dec 16 2020;Bayern München;2;1;VfL Wolfsburg;1;2020
12;Wed Dec 16 2020;TSG 1899 Hoffenheim;0;1;RB Leipzig;1;2020
12;Wed Dec 16 2020;1. FC Köln;0;4;Bayer 04 Leverkusen;1;2020
12;Wed Dec 16 2020;Arminia Bielefeld;0;1;FC Augsburg;1;2020
13;Fri Dec 18 2020;1. FC Union Berlin;2;1;Borussia Dortmund;1;2020
13;Sat Dec 19 2020;RB Leipzig;0;0;1. FC Köln;1;2020
13;Sat Dec 19 2020;Bor. Mönchengladbach;1;2;TSG 1899 Hoffenheim;1;2020
13;Sat Dec 19 2020;FC Schalke 04;0;1;Arminia Bielefeld;1;2020
13;Sat Dec 19 2020;1. FSV Mainz 05;0;1;Werder Bremen;1;2020
13;Sat Dec 19 2020;FC Augsburg;0;2;Eintracht Frankfurt;1;2020
13;Sat Dec 19 2020;Bayer 04 Leverkusen;1;2;Bayern München;1;2020
13;Sun Dec 20 2020;SC Freiburg;4;1;Hertha BSC;1;2020
13;Sun Dec 20 2020;VfL Wolfsburg;0;1;VfB Stuttgart;1;2020
14;Sat Jan 2 2021;TSG 1899 Hoffenheim;1;3;SC Freiburg;1;2020
14;Sat Jan 2 2021;Eintracht Frankfurt;2;1;Bayer 04 Leverkusen;1;2020
14;Sat Jan 2 2021;1. FC Köln;0;1;FC Augsburg;1;2020
14;Sat Jan 2 2021;Werder Bremen;0;2;1. FC Union Berlin;1;2020
14;Sat Jan 2 2021;Arminia Bielefeld;0;1;Bor. Mönchengladbach;1;2020
14;Sat Jan 2 2021;Hertha BSC;3;0;FC Schalke 04;1;2020
14;Sat Jan 2 2021;VfB Stuttgart;0;1;RB Leipzig;1;2020
14;Sun Jan 3 2021;Borussia Dortmund;2;0;VfL Wolfsburg;1;2020
14;Sun Jan 3 2021;Bayern München;5;2;1. FSV Mainz 05;1;2020
15;Fri Jan 8 2021;Bor. Mönchengladbach;3;2;Bayern München;1;2020
15;Sat Jan 9 2021;Bayer 04 Leverkusen;1;1;Werder Bremen;1;2020
15;Sat Jan 9 2021;SC Freiburg;5;0;1. FC Köln;1;2020
15;Sat Jan 9 2021;1. FC Union Berlin;2;2;VfL Wolfsburg;1;2020
15;Sat Jan 9 2021;FC Schalke 04;4;0;TSG 1899 Hoffenheim;1;2020
15;Sat Jan 9 2021;1. FSV Mainz 05;0;2;Eintracht Frankfurt;1;2020
15;Sat Jan 9 2021;RB Leipzig;1;3;Borussia Dortmund;1;2020
15;Sun Jan 10 2021;FC Augsburg;1;4;VfB Stuttgart;1;2020
15;Sun Jan 10 2021;Arminia Bielefeld;1;0;Hertha BSC;1;2020
16;Sat Jan 16 2021;Bayern München;2;1;SC Freiburg;1;2020
16;Sat Jan 16 2021;Borussia Dortmund;1;1;1. FSV Mainz 05;1;2020
16;Sat Jan 16 2021;TSG 1899 Hoffenheim;0;0;Arminia Bielefeld;1;2020
16;Sat Jan 16 2021;VfL Wolfsburg;2;2;RB Leipzig;1;2020
16;Sat Jan 16 2021;Eintracht Frankfurt;3;1;FC Schalke 04;1;2020
16;Sat Jan 16 2021;1. FC Union Berlin;1;0;Bayer 04 Leverkusen;1;2020
16;Sat Jan 16 2021;1. FC Köln;0;0;Hertha BSC;1;2020
16;Sat Jan 16 2021;Werder Bremen;2;0;FC Augsburg;1;2020
16;Sat Jan 16 2021;VfB Stuttgart;2;2;Bor. Mönchengladbach;1;2020
17;Tue Jan 19 2021;RB Leipzig;1;0;1. FC Union Berlin;1;2020
17;Tue Jan 19 2021;Bor. Mönchengladbach;1;0;Werder Bremen;1;2020
17;Tue Jan 19 2021;Bayer 04 Leverkusen;2;1;Borussia Dortmund;1;2020
17;Tue Jan 19 2021;SC Freiburg;2;2;Eintracht Frankfurt;1;2020
17;Tue Jan 19 2021;Hertha BSC;0;3;TSG 1899 Hoffenheim;1;2020
17;Tue Jan 19 2021;FC Schalke 04;1;2;1. FC Köln;1;2020
17;Tue Jan 19 2021;1. FSV Mainz 05;0;2;VfL Wolfsburg;1;2020
17;Tue Jan 19 2021;FC Augsburg;0;1;Bayern München;1;2020
17;Tue Jan 19 2021;Arminia Bielefeld;3;0;VfB Stuttgart;1;2020
18;Sat Jan 23 2021;FC Schalke 04;0;4;Bayern München;1;2020
18;Sat Jan 23 2021;Bor. Mönchengladbach;4;2;Borussia Dortmund;1;2020
18;Sat Jan 23 2021;1. FSV Mainz 05;3;2;RB Leipzig;1;2020
18;Sat Jan 23 2021;Bayer 04 Leverkusen;0;1;VfL Wolfsburg;1;2020
18;Sat Jan 23 2021;Arminia Bielefeld;1;5;Eintracht Frankfurt;1;2020
18;Sat Jan 23 2021;FC Augsburg;2;1;1. FC Union Berlin;1;2020
18;Sat Jan 23 2021;TSG 1899 Hoffenheim;3;0;1. FC Köln;1;2020
18;Sat Jan 23 2021;Hertha BSC;1;4;Werder Bremen;1;2020
18;Sat Jan 23 2021;SC Freiburg;2;1;VfB Stuttgart;1;2020
19;Sat Jan 30 2021;1. FC Union Berlin;1;1;Bor. Mönchengladbach;1;2020
19;Sat Jan 30 2021;RB Leipzig;1;0;Bayer 04 Leverkusen;1;2020
19;Sat Jan 30 2021;Bayern München;4;1;TSG 1899 Hoffenheim;1;2020
19;Sat Jan 30 2021;VfL Wolfsburg;3;0;SC Freiburg;1;2020
19;Sat Jan 30 2021;Eintracht Frankfurt;3;1;Hertha BSC;1;2020
19;Sat Jan 30 2021;Werder Bremen;1;1;FC Schalke 04;1;2020
19;Sat Jan 30 2021;VfB Stuttgart;2;0;1. FSV Mainz 05;1;2020
19;Sat Jan 30 2021;Borussia Dortmund;3;1;FC Augsburg;1;2020
19;Sat Jan 30 2021;1. FC Köln;3;1;Arminia Bielefeld;1;2020
20;Sat Feb 6 2021;Hertha BSC;0;1;Bayern München;1;2020
20;Sat Feb 6 2021;SC Freiburg;2;1;Borussia Dortmund;1;2020
20;Sat Feb 6 2021;FC Schalke 04;0;3;RB Leipzig;1;2020
20;Sat Feb 6 2021;FC Augsburg;0;2;VfL Wolfsburg;1;2020
20;Sat Feb 6 2021;TSG 1899 Hoffenheim;1;3;Eintracht Frankfurt;1;2020
20;Sat Feb 6 2021;1. FSV Mainz 05;1;0;1. FC Union Berlin;1;2020
20;Sat Feb 6 2021;Bor. Mönchengladbach;1;2;1. FC Köln;1;2020
20;Sat Feb 6 2021;Arminia Bielefeld;0;2;Werder Bremen;1;2020
20;Sat Feb 6 2021;Bayer 04 Leverkusen;5;2;VfB Stuttgart;1;2020
21;Sat Feb 13 2021;VfL Wolfsburg;0;0;Bor. Mönchengladbach;1;2020
21;Sat Feb 13 2021;Borussia Dortmund;2;2;TSG 1899 Hoffenheim;1;2020
21;Sat Feb 13 2021;Werder Bremen;0;0;SC Freiburg;1;2020
21;Sat Feb 13 2021;VfB Stuttgart;1;1;Hertha BSC;1;2020
21;Sat Feb 13 2021;1. FC Union Berlin;0;0;FC Schalke 04;1;2020
21;Sat Feb 13 2021;Bayer 04 Leverkusen;2;2;1. FSV Mainz 05;1;2020
21;Sat Feb 13 2021;Eintracht Frankfurt;2;0;1. FC Köln;1;2020
21;Sat Feb 13 2021;RB Leipzig;2;1;FC Augsburg;1;2020
21;Sat Feb 13 2021;Bayern München;3;3;Arminia Bielefeld;1;2020
22;Sat Feb 20 2021;Eintracht Frankfurt;0;3;Bayern München;1;2020
22;Sat Feb 20 2021;FC Schalke 04;0;4;Borussia Dortmund;1;2020
22;Sat Feb 20 2021;Hertha BSC;0;3;RB Leipzig;1;2020
22;Sat Feb 20 2021;FC Augsburg;1;1;Bayer 04 Leverkusen;1;2020
22;Sat Feb 20 2021;Arminia Bielefeld;0;3;VfL Wolfsburg;1;2020
22;Sat Feb 20 2021;SC Freiburg;0;1;1. FC Union Berlin;1;2020
22;Sat Feb 20 2021;Bor. Mönchengladbach;1;2;1. FSV Mainz 05;1;2020
22;Sat Feb 20 2021;TSG 1899 Hoffenheim;4;0;Werder Bremen;1;2020
22;Sat Feb 20 2021;1. FC Köln;0;1;VfB Stuttgart;1;2020
23;Sat Feb 27 2021;RB Leipzig;3;2;Bor. Mönchengladbach;1;2020
23;Sat Feb 27 2021;1. FC Union Berlin;1;1;TSG 1899 Hoffenheim;1;2020
23;Sat Feb 27 2021;Bayer 04 Leverkusen;1;2;SC Freiburg;1;2020
23;Sat Feb 27 2021;Werder Bremen;2;1;Eintracht Frankfurt;1;2020
23;Sat Feb 27 2021;VfL Wolfsburg;2;0;Hertha BSC;1;2020
23;Sat Feb 27 2021;VfB Stuttgart;5;1;FC Schalke 04;1;2020
23;Sat Feb 27 2021;Bayern München;5;1;1. FC Köln;1;2020
23;Sat Feb 27 2021;1. FSV Mainz 05;0;1;FC Augsburg;1;2020
23;Sat Feb 27 2021;Borussia Dortmund;3;0;Arminia Bielefeld;1;2020
24;Sat Mar 6 2021;Bayern München;4;2;Borussia Dortmund;1;2020
24;Sat Mar 6 2021;SC Freiburg;0;3;RB Leipzig;1;2020
24;Sat Mar 6 2021;Bor. Mönchengladbach;0;1;Bayer 04 Leverkusen;1;2020
24;Sat Mar 6 2021;TSG 1899 Hoffenheim;2;1;VfL Wolfsburg;1;2020
24;Sat Mar 6 2021;Arminia Bielefeld;0;0;1. FC Union Berlin;1;2020
24;Sat Mar 6 2021;FC Schalke 04;0;0;1. FSV Mainz 05;1;2020
24;Sat Mar 6 2021;Hertha BSC;2;1;FC Augsburg;1;2020
24;Sat Mar 6 2021;1. FC Köln;1;1;Werder Bremen;1;2020
24;Sat Mar 6 2021;Eintracht Frankfurt;1;1;VfB Stuttgart;1;2020
25;Sat Mar 13 2021;Werder Bremen;1;3;Bayern München;1;2020
25;Sat Mar 13 2021;FC Augsburg;3;1;Bor. Mönchengladbach;1;2020
25;Sat Mar 13 2021;VfB Stuttgart;2;0;TSG 1899 Hoffenheim;1;2020
25;Sat Mar 13 2021;1. FSV Mainz 05;1;0;SC Freiburg;1;2020
25;Sat Mar 13 2021;RB Leipzig;1;1;Eintracht Frankfurt;1;2020
25;Sat Mar 13 2021;Borussia Dortmund;2;0;Hertha BSC;1;2020
25;Sat Mar 13 2021;VfL Wolfsburg;5;0;FC Schalke 04;1;2020
25;Sat Mar 13 2021;1. FC Union Berlin;2;1;1. FC Köln;1;2020
25;Sat Mar 13 2021;Bayer 04 Leverkusen;1;2;Arminia Bielefeld;1;2020
26;Sat Mar 20 2021;1. FC Köln;2;2;Borussia Dortmund;1;2020
26;Sat Mar 20 2021;Arminia Bielefeld;0;1;RB Leipzig;1;2020
26;Sat Mar 20 2021;FC Schalke 04;0;3;Bor. Mönchengladbach;1;2020
26;Sat Mar 20 2021;Hertha BSC;3;0;Bayer 04 Leverkusen;1;2020
26;Sat Mar 20 2021;Werder Bremen;1;2;VfL Wolfsburg;1;2020
26;Sat Mar 20 2021;Eintracht Frankfurt;5;2;1. FC Union Berlin;1;2020
26;Sat Mar 20 2021;TSG 1899 Hoffenheim;1;2;1. FSV Mainz 05;1;2020
26;Sat Mar 20 2021;SC Freiburg;2;0;FC Augsburg;1;2020
26;Sat Mar 20 2021;Bayern München;4;0;VfB Stuttgart;1;2020
27;Sun Apr 4 2021;RB Leipzig;0;1;Bayern München;1;2020
27;Sun Apr 4 2021;FC Augsburg;2;1;TSG 1899 Hoffenheim;1;2020
27;Sun Apr 4 2021;Bor. Mönchengladbach;2;1;SC Freiburg;1;2020
27;Sun Apr 4 2021;Borussia Dortmund;1;2;Eintracht Frankfurt;1;2020
27;Sun Apr 4 2021;1. FC Union Berlin;1;1;Hertha BSC;1;2020
27;Sun Apr 4 2021;Bayer 04 Leverkusen;2;1;FC Schalke 04;1;2020
27;Sun Apr 4 2021;VfL Wolfsburg;1;0;1. FC Köln;1;2020
27;Sun Apr 4 2021;VfB Stuttgart;1;0;Werder Bremen;1;2020
27;Sun Apr 4 2021;1. FSV Mainz 05;1;1;Arminia Bielefeld;1;2020
28;Sat Apr 10 2021;VfB Stuttgart;2;3;Borussia Dortmund;1;2020
28;Sat Apr 10 2021;Werder Bremen;1;4;RB Leipzig;1;2020
28;Sat Apr 10 2021;Hertha BSC;2;2;Bor. Mönchengladbach;1;2020
28;Sat Apr 10 2021;TSG 1899 Hoffenheim;0;0;Bayer 04 Leverkusen;1;2020
28;Sat Apr 10 2021;Eintracht Frankfurt;4;3;VfL Wolfsburg;1;2020
28;Sat Apr 10 2021;Arminia Bielefeld;1;0;SC Freiburg;1;2020
28;Sat Apr 10 2021;Bayern München;1;1;1. FC Union Berlin;1;2020
28;Sat Apr 10 2021;1. FC Köln;2;3;1. FSV Mainz 05;1;2020
28;Sat Apr 10 2021;FC Schalke 04;1;0;FC Augsburg;1;2020
29;Sat Apr 17 2021;VfL Wolfsburg;2;3;Bayern München;1;2020
29;Sat Apr 17 2021;RB Leipzig;0;0;TSG 1899 Hoffenheim;1;2020
29;Sat Apr 17 2021;Bor. Mönchengladbach;4;0;Eintracht Frankfurt;1;2020
29;Sat Apr 17 2021;1. FSV Mainz 05;1;1;Hertha BSC;1;2020
29;Sat Apr 17 2021;SC Freiburg;4;0;FC Schalke 04;1;2020
29;Sat Apr 17 2021;Bayer 04 Leverkusen;3;0;1. FC Köln;1;2020
29;Sat Apr 17 2021;Borussia Dortmund;4;1;Werder Bremen;1;2020
29;Sat Apr 17 2021;FC Augsburg;0;0;Arminia Bielefeld;1;2020
29;Sat Apr 17 2021;1. FC Union Berlin;2;1;VfB Stuttgart;1;2020
30;Tue Apr 20 2021;1. FC Köln;2;1;RB Leipzig;1;2020
30;Tue Apr 20 2021;TSG 1899 Hoffenheim;3;2;Bor. Mönchengladbach;1;2020
30;Tue Apr 20 2021;Bayern München;2;0;Bayer 04 Leverkusen;1;2020
30;Tue Apr 20 2021;VfB Stuttgart;1;3;VfL Wolfsburg;1;2020
30;Tue Apr 20 2021;Hertha BSC;3;0;SC Freiburg;1;2020
30;Tue Apr 20 2021;Borussia Dortmund;2;0;1. FC Union Berlin;1;2020
30;Tue Apr 20 2021;Arminia Bielefeld;1;0;FC Schalke 04;1;2020
30;Tue Apr 20 2021;Werder Bremen;0;1;1. FSV Mainz 05;1;2020
30;Tue Apr 20 2021;Eintracht Frankfurt;2;0;FC Augsburg;1;2020
31;Sat Apr 24 2021;1. FSV Mainz 05;2;1;Bayern München;1;2020
31;Sat Apr 24 2021;VfL Wolfsburg;0;2;Borussia Dortmund;1;2020
31;Sat Apr 24 2021;SC Freiburg;1;1;TSG 1899 Hoffenheim;1;2020
31;Sat Apr 24 2021;Bayer 04 Leverkusen;3;1;Eintracht Frankfurt;1;2020
31;Sat Apr 24 2021;FC Schalke 04;1;2;Hertha BSC;1;2020
31;Sat Apr 24 2021;FC Augsburg;2;3;1. FC Köln;1;2020
31;Sat Apr 24 2021;1. FC Union Berlin;3;1;Werder Bremen;1;2020
31;Sat Apr 24 2021;Bor. Mönchengladbach;5;0;Arminia Bielefeld;1;2020
31;Sat Apr 24 2021;RB Leipzig;2;0;VfB Stuttgart;1;2020
32;Sat May 8 2021;Borussia Dortmund;3;2;RB Leipzig;1;2020
32;Sat May 8 2021;Bayern München;6;0;Bor. Mönchengladbach;1;2020
32;Sat May 8 2021;Werder Bremen;0;0;Bayer 04 Leverkusen;1;2020
32;Sat May 8 2021;1. FC Köln;1;4;SC Freiburg;1;2020
32;Sat May 8 2021;VfL Wolfsburg;3;0;1. FC Union Berlin;1;2020
32;Sat May 8 2021;TSG 1899 Hoffenheim;4;2;FC Schalke 04;1;2020
32;Sat May 8 2021;Eintracht Frankfurt;1;1;1. FSV Mainz 05;1;2020
32;Sat May 8 2021;VfB Stuttgart;2;1;FC Augsburg;1;2020
32;Sat May 8 2021;Hertha BSC;0;0;Arminia Bielefeld;1;2020
33;Sat May 15 2021;SC Freiburg;2;2;Bayern München;1;2020
33;Sat May 15 2021;1. FSV Mainz 05;1;3;Borussia Dortmund;1;2020
33;Sat May 15 2021;Arminia Bielefeld;1;1;TSG 1899 Hoffenheim;1;2020
33;Sat May 15 2021;RB Leipzig;2;2;VfL Wolfsburg;1;2020
33;Sat May 15 2021;FC Schalke 04;4;3;Eintracht Frankfurt;1;2020
33;Sat May 15 2021;Bayer 04 Leverkusen;1;1;1. FC Union Berlin;1;2020
33;Sat May 15 2021;Hertha BSC;0;0;1. FC Köln;1;2020
33;Sat May 15 2021;FC Augsburg;2;0;Werder Bremen;1;2020
33;Sat May 15 2021;Bor. Mönchengladbach;1;2;VfB Stuttgart;1;2020
34;Sat May 22 2021;1. FC Union Berlin;2;1;RB Leipzig;1;2020
34;Sat May 22 2021;Werder Bremen;2;4;Bor. Mönchengladbach;1;2020
34;Sat May 22 2021;Borussia Dortmund;3;1;Bayer 04 Leverkusen;1;2020
34;Sat May 22 2021;Eintracht Frankfurt;3;1;SC Freiburg;1;2020
34;Sat May 22 2021;TSG 1899 Hoffenheim;2;1;Hertha BSC;1;2020
34;Sat May 22 2021;1. FC Köln;1;0;FC Schalke 04;1;2020
34;Sat May 22 2021;VfL Wolfsburg;2;3;1. FSV Mainz 05;1;2020
34;Sat May 22 2021;Bayern München;5;2;FC Augsburg;1;2020
34;Sat May 22 2021;VfB Stuttgart;0;2;Arminia Bielefeld;1;2020
1;Fri Jul 26 2019;VfB Stuttgart;2;1;Hannover 96;2;2019
1;Sat Jul 27 2019;Dynamo Dresden;0;1;1. FC Nürnberg;2;2019
1;Sat Jul 27 2019;Holstein Kiel;1;1;SV Sandhausen;2;2019
1;Sat Jul 27 2019;VfL Osnabrück;1;3;1. FC Heidenheim;2;2019
1;Sun Jul 28 2019;Hamburger SV;1;1;SV Darmstadt 98;2;2019
1;Sun Jul 28 2019;SSV Jahn Regensburg;3;1;VfL Bochum;2;2019
1;Sun Jul 28 2019;SV Wehen Wiesbaden;1;2;Karlsruher SC;2;2019
1;Sun Jul 28 2019;SpVgg Greuther Fürth;0;2;FC Erzgebirge Aue;2;2019
1;Mon Jul 29 2019;Arminia Bielefeld;1;1;FC St. Pauli;2;2019
2;Fri Aug 2 2019;VfL Bochum;3;3;Arminia Bielefeld;2;2019
2;Fri Aug 2 2019;SV Sandhausen;0;1;VfL Osnabrück;2;2019
2;Fri Aug 2 2019;FC St. Pauli;1;3;SpVgg Greuther Fürth;2;2019
2;Sat Aug 3 2019;Karlsruher SC;4;2;Dynamo Dresden;2;2019
2;Sat Aug 3 2019;Hannover 96;1;1;SSV Jahn Regensburg;2;2019
2;Sun Aug 4 2019;1. FC Heidenheim;2;2;VfB Stuttgart;2;2019
2;Sun Aug 4 2019;FC Erzgebirge Aue;3;2;SV Wehen Wiesbaden;2;2019
2;Sun Aug 4 2019;SV Darmstadt 98;2;0;Holstein Kiel;2;2019
2;Mon Aug 5 2019;1. FC Nürnberg;0;4;Hamburger SV;2;2019
3;Fri Aug 16 2019;SV Sandhausen;3;2;1. FC Nürnberg;2;2019
3;Fri Aug 16 2019;Hamburger SV;1;0;VfL Bochum;2;2019
3;Sat Aug 17 2019;Arminia Bielefeld;3;1;FC Erzgebirge Aue;2;2019
3;Sat Aug 17 2019;SV Wehen Wiesbaden;0;3;Hannover 96;2;2019
3;Sat Aug 17 2019;VfB Stuttgart;2;1;FC St. Pauli;2;2019
3;Sun Aug 18 2019;SpVgg Greuther Fürth;1;0;SSV Jahn Regensburg;2;2019
3;Sun Aug 18 2019;Dynamo Dresden;2;1;1. FC Heidenheim;2;2019
3;Sun Aug 18 2019;Holstein Kiel;2;1;Karlsruher SC;2;2019
3;Mon Aug 19 2019;VfL Osnabrück;4;0;SV Darmstadt 98;2;2019
4;Fri Aug 23 2019;FC Erzgebirge Aue;0;0;VfB Stuttgart;2;2019
4;Fri Aug 23 2019;SV Darmstadt 98;0;0;Dynamo Dresden;2;2019
4;Sat Aug 24 2019;SSV Jahn Regensburg;1;3;Arminia Bielefeld;2;2019
4;Sat Aug 24 2019;VfL Bochum;3;3;SV Wehen Wiesbaden;2;2019
4;Sat Aug 24 2019;Hannover 96;1;1;SpVgg Greuther Fürth;2;2019
4;Sun Aug 25 2019;1. FC Heidenheim;0;2;SV Sandhausen;2;2019
4;Sun Aug 25 2019;1. FC Nürnberg;1;0;VfL Osnabrück;2;2019
4;Sun Aug 25 2019;Karlsruher SC;2;4;Hamburger SV;2;2019
4;Mon Aug 26 2019;FC St. Pauli;2;1;Holstein Kiel;2;2019
5;Fri Aug 30 2019;SV Sandhausen;1;0;SV Darmstadt 98;2;2019
5;Fri Aug 30 2019;1. FC Nürnberg;2;2;1. FC Heidenheim;2;2019
5;Sat Aug 31 2019;Arminia Bielefeld;2;2;SpVgg Greuther Fürth;2;2019
5;Sat Aug 31 2019;Dynamo Dresden;3;3;FC St. Pauli;2;2019
5;Sat Aug 31 2019;SV Wehen Wiesbaden;0;5;SSV Jahn Regensburg;2;2019
5;Sun Sep 1 2019;Holstein Kiel;1;1;FC Erzgebirge Aue;2;2019
5;Sun Sep 1 2019;Hamburger SV;3;0;Hannover 96;2;2019
5;Sun Sep 1 2019;VfL Osnabrück;3;0;Karlsruher SC;2;2019
5;Mon Sep 2 2019;VfB Stuttgart;2;1;VfL Bochum;2;2019
6;Fri Sep 13 2019;Karlsruher SC;1;0;SV Sandhausen;2;2019
6;Fri Sep 13 2019;SpVgg Greuther Fürth;2;1;SV Wehen Wiesbaden;2;2019
6;Sat Sep 14 2019;SSV Jahn Regensburg;2;3;VfB Stuttgart;2;2019
6;Sat Sep 14 2019;Hannover 96;0;2;Arminia Bielefeld;2;2019
6;Sat Sep 14 2019;1. FC Heidenheim;3;0;Holstein Kiel;2;2019
6;Sun Sep 15 2019;SV Darmstadt 98;3;3;1. FC Nürnberg;2;2019
6;Sun Sep 15 2019;VfL Bochum;2;2;Dynamo Dresden;2;2019
6;Sun Sep 15 2019;FC Erzgebirge Aue;1;0;VfL Osnabrück;2;2019
6;Mon Sep 16 2019;FC St. Pauli;2;0;Hamburger SV;2;2019
7;Fri Sep 20 2019;Holstein Kiel;1;2;Hannover 96;2;2019
7;Fri Sep 20 2019;1. FC Heidenheim;1;0;SV Darmstadt 98;2;2019
7;Sat Sep 21 2019;SV Sandhausen;1;1;VfL Bochum;2;2019
7;Sat Sep 21 2019;SV Wehen Wiesbaden;2;5;Arminia Bielefeld;2;2019
7;Sat Sep 21 2019;1. FC Nürnberg;1;1;Karlsruher SC;2;2019
7;Sat Sep 21 2019;VfB Stuttgart;2;0;SpVgg Greuther Fürth;2;2019
7;Sun Sep 22 2019;Dynamo Dresden;2;1;SSV Jahn Regensburg;2;2019
7;Sun Sep 22 2019;Hamburger SV;4;0;FC Erzgebirge Aue;2;2019
7;Sun Sep 22 2019;VfL Osnabrück;1;1;FC St. Pauli;2;2019
8;Fri Sep 27 2019;SV Wehen Wiesbaden;2;0;VfL Osnabrück;2;2019
8;Fri Sep 27 2019;Arminia Bielefeld;0;1;VfB Stuttgart;2;2019
8;Sat Sep 28 2019;Karlsruher SC;1;1;1. FC Heidenheim;2;2019
8;Sat Sep 28 2019;VfL Bochum;2;2;SV Darmstadt 98;2;2019
8;Sat Sep 28 2019;SSV Jahn Regensburg;2;2;Hamburger SV;2;2019
8;Sun Sep 29 2019;FC Erzgebirge Aue;4;1;Dynamo Dresden;2;2019
8;Sun Sep 29 2019;FC St. Pauli;2;0;SV Sandhausen;2;2019
8;Sun Sep 29 2019;SpVgg Greuther Fürth;0;3;Holstein Kiel;2;2019
8;Mon Sep 30 2019;Hannover 96;0;4;1. FC Nürnberg;2;2019
9;Fri Oct 4 2019;VfB Stuttgart;1;2;SV Wehen Wiesbaden;2;2019
9;Fri Oct 4 2019;SV Darmstadt 98;1;1;Karlsruher SC;2;2019
9;Sat Oct 5 2019;SV Sandhausen;2;2;FC Erzgebirge Aue;2;2019
9;Sat Oct 5 2019;Dynamo Dresden;0;2;Hannover 96;2;2019
9;Sat Oct 5 2019;Hamburger SV;2;0;SpVgg Greuther Fürth;2;2019
9;Sun Oct 6 2019;Holstein Kiel;1;2;SSV Jahn Regensburg;2;2019
9;Sun Oct 6 2019;1. FC Heidenheim;2;3;VfL Bochum;2;2019
9;Sun Oct 6 2019;1. FC Nürnberg;1;1;FC St. Pauli;2;2019
9;Mon Oct 7 2019;VfL Osnabrück;0;1;Arminia Bielefeld;2;2019
10;Fri Oct 18 2019;FC Erzgebirge Aue;4;3;1. FC Nürnberg;2;2019
10;Fri Oct 18 2019;SpVgg Greuther Fürth;2;0;Dynamo Dresden;2;2019
10;Sat Oct 19 2019;SV Wehen Wiesbaden;0;0;1. FC Heidenheim;2;2019
10;Sat Oct 19 2019;FC St. Pauli;0;1;SV Darmstadt 98;2;2019
10;Sat Oct 19 2019;SSV Jahn Regensburg;1;0;SV Sandhausen;2;2019
10;Sun Oct 20 2019;VfB Stuttgart;0;1;Holstein Kiel;2;2019
10;Sun Oct 20 2019;VfL Bochum;3;3;Karlsruher SC;2;2019
10;Sun Oct 20 2019;Hannover 96;0;0;VfL Osnabrück;2;2019
10;Mon Oct 21 2019;Arminia Bielefeld;1;1;Hamburger SV;2;2019
11;Fri Oct 25 2019;Holstein Kiel;2;1;VfL Bochum;2;2019
11;Fri Oct 25 2019;SV Darmstadt 98;1;0;FC Erzgebirge Aue;2;2019
11;Sat Oct 26 2019;Dynamo Dresden;0;1;Arminia Bielefeld;2;2019
11;Sat Oct 26 2019;Karlsruher SC;3;3;Hannover 96;2;2019
11;Sat Oct 26 2019;Hamburger SV;6;2;VfB Stuttgart;2;2019
11;Sun Oct 27 2019;VfL Osnabrück;0;0;SpVgg Greuther Fürth;2;2019
11;Sun Oct 27 2019;1. FC Nürnberg;1;1;SSV Jahn Regensburg;2;2019
11;Sun Oct 27 2019;1. FC Heidenheim;1;0;FC St. Pauli;2;2019
11;Mon Oct 28 2019;SV Sandhausen;0;0;SV Wehen Wiesbaden;2;2019
12;Fri Nov 1 2019;Hannover 96;1;1;SV Sandhausen;2;2019
12;Fri Nov 1 2019;SSV Jahn Regensburg;3;3;VfL Osnabrück;2;2019
12;Sat Nov 2 2019;SpVgg Greuther Fürth;3;1;SV Darmstadt 98;2;2019
12;Sat Nov 2 2019;FC St. Pauli;2;2;Karlsruher SC;2;2019
12;Sat Nov 2 2019;FC Erzgebirge Aue;1;1;1. FC Heidenheim;2;2019
12;Sun Nov 3 2019;SV Wehen Wiesbaden;1;1;Hamburger SV;2;2019
12;Sun Nov 3 2019;Arminia Bielefeld;2;1;Holstein Kiel;2;2019
12;Sun Nov 3 2019;VfB Stuttgart;3;1;Dynamo Dresden;2;2019
12;Mon Nov 4 2019;VfL Bochum;3;1;1. FC Nürnberg;2;2019
13;Fri Nov 8 2019;Dynamo Dresden;1;0;SV Wehen Wiesbaden;2;2019
13;Fri Nov 8 2019;FC St. Pauli;1;1;VfL Bochum;2;2019
13;Sat Nov 9 2019;SV Sandhausen;3;2;SpVgg Greuther Fürth;2;2019
13;Sat Nov 9 2019;Holstein Kiel;1;1;Hamburger SV;2;2019
13;Sat Nov 9 2019;VfL Osnabrück;1;0;VfB Stuttgart;2;2019
13;Sun Nov 10 2019;1. FC Heidenheim;4;0;Hannover 96;2;2019
13;Sun Nov 10 2019;1. FC Nürnberg;1;5;Arminia Bielefeld;2;2019
13;Sun Nov 10 2019;SV Darmstadt 98;2;2;SSV Jahn Regensburg;2;2019
13;Mon Nov 11 2019;Karlsruher SC;1;1;FC Erzgebirge Aue;2;2019
14;Fri Nov 22 2019;FC Erzgebirge Aue;3;1;FC St. Pauli;2;2019
14;Fri Nov 22 2019;VfL Bochum;1;1;VfL Osnabrück;2;2019
14;Sat Nov 23 2019;SV Wehen Wiesbaden;3;6;Holstein Kiel;2;2019
14;Sat Nov 23 2019;Hamburger SV;2;1;Dynamo Dresden;2;2019
14;Sat Nov 23 2019;Arminia Bielefeld;1;1;SV Sandhausen;2;2019
14;Sun Nov 24 2019;SSV Jahn Regensburg;3;1;1. FC Heidenheim;2;2019
14;Sun Nov 24 2019;SpVgg Greuther Fürth;0;0;1. FC Nürnberg;2;2019
14;Sun Nov 24 2019;VfB Stuttgart;3;0;Karlsruher SC;2;2019
14;Mon Nov 25 2019;Hannover 96;1;2;SV Darmstadt 98;2;2019
15;Fri Nov 29 2019;Karlsruher SC;4;1;SSV Jahn Regensburg;2;2019
15;Fri Nov 29 2019;VfL Osnabrück;2;1;Hamburger SV;2;2019
15;Sat Nov 30 2019;1. FC Nürnberg;0;2;SV Wehen Wiesbaden;2;2019
15;Sat Nov 30 2019;FC St. Pauli;0;1;Hannover 96;2;2019
15;Sat Nov 30 2019;VfL Bochum;2;0;FC Erzgebirge Aue;2;2019
15;Sat Nov 30 2019;Dynamo Dresden;1;2;Holstein Kiel;2;2019
15;Sun Dec 1 2019;SV Darmstadt 98;1;3;Arminia Bielefeld;2;2019
15;Sun Dec 1 2019;SV Sandhausen;2;1;VfB Stuttgart;2;2019
15;Sun Dec 1 2019;1. FC Heidenheim;1;0;SpVgg Greuther Fürth;2;2019
16;Fri Dec 6 2019;Arminia Bielefeld;2;2;Karlsruher SC;2;2019
16;Fri Dec 6 2019;Hamburger SV;0;1;1. FC Heidenheim;2;2019
16;Sat Dec 7 2019;SpVgg Greuther Fürth;3;1;VfL Bochum;2;2019
16;Sat Dec 7 2019;Holstein Kiel;2;4;VfL Osnabrück;2;2019
16;Sat Dec 7 2019;Hannover 96;3;2;FC Erzgebirge Aue;2;2019
16;Sun Dec 8 2019;SV Wehen Wiesbaden;0;0;SV Darmstadt 98;2;2019
16;Sun Dec 8 2019;Dynamo Dresden;1;1;SV Sandhausen;2;2019
16;Sun Dec 8 2019;SSV Jahn Regensburg;1;0;FC St. Pauli;2;2019
16;Mon Dec 9 2019;VfB Stuttgart;3;1;1. FC Nürnberg;2;2019
17;Fri Dec 13 2019;VfL Bochum;2;1;Hannover 96;2;2019
17;Fri Dec 13 2019;FC Erzgebirge Aue;1;0;SSV Jahn Regensburg;2;2019
17;Sat Dec 14 2019;1. FC Heidenheim;0;0;Arminia Bielefeld;2;2019
17;Sat Dec 14 2019;Karlsruher SC;1;5;SpVgg Greuther Fürth;2;2019
17;Sat Dec 14 2019;FC St. Pauli;3;1;SV Wehen Wiesbaden;2;2019
17;Sun Dec 15 2019;1. FC Nürnberg;2;2;Holstein Kiel;2;2019
17;Sun Dec 15 2019;VfL Osnabrück;3;0;Dynamo Dresden;2;2019
17;Sun Dec 15 2019;SV Sandhausen;1;1;Hamburger SV;2;2019
17;Mon Dec 16 2019;SV Darmstadt 98;1;1;VfB Stuttgart;2;2019
18;Fri Dec 20 2019;Karlsruher SC;0;1;SV Wehen Wiesbaden;2;2019
18;Fri Dec 20 2019;1. FC Nürnberg;2;0;Dynamo Dresden;2;2019
18;Sat Dec 21 2019;FC Erzgebirge Aue;3;1;SpVgg Greuther Fürth;2;2019
18;Sat Dec 21 2019;FC St. Pauli;3;0;Arminia Bielefeld;2;2019
18;Sat Dec 21 2019;Hannover 96;2;2;VfB Stuttgart;2;2019
18;Sat Dec 21 2019;SV Darmstadt 98;2;2;Hamburger SV;2;2019
18;Sun Dec 22 2019;VfL Bochum;2;3;SSV Jahn Regensburg;2;2019
18;Sun Dec 22 2019;1. FC Heidenheim;3;1;VfL Osnabrück;2;2019
18;Sun Dec 22 2019;SV Sandhausen;2;2;Holstein Kiel;2;2019
19;Tue Jan 28 2020;Arminia Bielefeld;2;0;VfL Bochum;2;2019
19;Tue Jan 28 2020;SV Wehen Wiesbaden;1;0;FC Erzgebirge Aue;2;2019
19;Tue Jan 28 2020;SpVgg Greuther Fürth;3;0;FC St. Pauli;2;2019
19;Tue Jan 28 2020;SSV Jahn Regensburg;1;0;Hannover 96;2;2019
19;Wed Jan 29 2020;VfB Stuttgart;3;0;1. FC Heidenheim;2;2019
19;Wed Jan 29 2020;Holstein Kiel;1;1;SV Darmstadt 98;2;2019
19;Wed Jan 29 2020;VfL Osnabrück;1;3;SV Sandhausen;2;2019
19;Wed Jan 29 2020;Dynamo Dresden;1;0;Karlsruher SC;2;2019
19;Thu Jan 30 2020;Hamburger SV;4;1;1. FC Nürnberg;2;2019
20;Fri Jan 31 2020;SSV Jahn Regensburg;0;2;SpVgg Greuther Fürth;2;2019
20;Fri Jan 31 2020;FC Erzgebirge Aue;0;0;Arminia Bielefeld;2;2019
20;Sat Feb 1 2020;Hannover 96;2;2;SV Wehen Wiesbaden;2;2019
20;Sat Feb 1 2020;FC St. Pauli;1;1;VfB Stuttgart;2;2019
20;Sat Feb 1 2020;Karlsruher SC;0;2;Holstein Kiel;2;2019
20;Sun Feb 2 2020;1. FC Nürnberg;2;0;SV Sandhausen;2;2019
20;Sun Feb 2 2020;SV Darmstadt 98;2;2;VfL Osnabrück;2;2019
20;Sun Feb 2 2020;1. FC Heidenheim;0;0;Dynamo Dresden;2;2019
20;Mon Feb 3 2020;VfL Bochum;1;3;Hamburger SV;2;2019
21;Fri Feb 7 2020;SV Sandhausen;0;1;1. FC Heidenheim;2;2019
21;Fri Feb 7 2020;Dynamo Dresden;2;3;SV Darmstadt 98;2;2019
21;Sat Feb 8 2020;Hamburger SV;2;0;Karlsruher SC;2;2019
21;Sat Feb 8 2020;VfL Osnabrück;0;1;1. FC Nürnberg;2;2019
21;Sat Feb 8 2020;VfB Stuttgart;3;0;FC Erzgebirge Aue;2;2019
21;Sun Feb 9 2020;SpVgg Greuther Fürth;1;3;Hannover 96;2;2019
21;Sun Feb 9 2020;Arminia Bielefeld;6;0;SSV Jahn Regensburg;2;2019
21;Sun Feb 9 2020;SV Wehen Wiesbaden;0;1;VfL Bochum;2;2019
21;Mon Feb 10 2020;Holstein Kiel;2;1;FC St. Pauli;2;2019
22;Fri Feb 14 2020;1. FC Heidenheim;2;2;1. FC Nürnberg;2;2019
22;Fri Feb 14 2020;FC St. Pauli;0;0;Dynamo Dresden;2;2019
22;Sat Feb 15 2020;SpVgg Greuther Fürth;2;4;Arminia Bielefeld;2;2019
22;Sat Feb 15 2020;SSV Jahn Regensburg;1;0;SV Wehen Wiesbaden;2;2019
22;Sat Feb 15 2020;Hannover 96;1;1;Hamburger SV;2;2019
22;Sun Feb 16 2020;SV Darmstadt 98;1;0;SV Sandhausen;2;2019
22;Sun Feb 16 2020;Karlsruher SC;1;1;VfL Osnabrück;2;2019
22;Sun Feb 16 2020;FC Erzgebirge Aue;1;2;Holstein Kiel;2;2019
22;Mon Feb 17 2020;VfL Bochum;0;1;VfB Stuttgart;2;2019
23;Fri Feb 21 2020;VfL Osnabrück;0;0;FC Erzgebirge Aue;2;2019
23;Fri Feb 21 2020;SV Wehen Wiesbaden;1;1;SpVgg Greuther Fürth;2;2019
23;Sat Feb 22 2020;Dynamo Dresden;1;2;VfL Bochum;2;2019
23;Sat Feb 22 2020;Hamburger SV;0;2;FC St. Pauli;2;2019
23;Sat Feb 22 2020;VfB Stuttgart;2;0;SSV Jahn Regensburg;2;2019
23;Sat Feb 22 2020;Holstein Kiel;0;1;1. FC Heidenheim;2;2019
23;Sun Feb 23 2020;1. FC Nürnberg;1;2;SV Darmstadt 98;2;2019
23;Sun Feb 23 2020;SV Sandhausen;0;2;Karlsruher SC;2;2019
23;Sun Feb 23 2020;Arminia Bielefeld;1;0;Hannover 96;2;2019
24;Fri Feb 28 2020;Karlsruher SC;0;1;1. FC Nürnberg;2;2019
24;Fri Feb 28 2020;SSV Jahn Regensburg;1;2;Dynamo Dresden;2;2019
24;Sat Feb 29 2020;SpVgg Greuther Fürth;2;0;VfB Stuttgart;2;2019
24;Sat Feb 29 2020;SV Darmstadt 98;2;0;1. FC Heidenheim;2;2019
24;Sat Feb 29 2020;FC Erzgebirge Aue;3;0;Hamburger SV;2;2019
24;Sun Mar 1 2020;FC St. Pauli;3;1;VfL Osnabrück;2;2019
24;Sun Mar 1 2020;VfL Bochum;4;4;SV Sandhausen;2;2019
24;Sun Mar 1 2020;Arminia Bielefeld;1;0;SV Wehen Wiesbaden;2;2019
24;Mon Mar 2 2020;Hannover 96;3;1;Holstein Kiel;2;2019
25;Fri Mar 6 2020;1. FC Nürnberg;0;3;Hannover 96;2;2019
25;Fri Mar 6 2020;VfL Osnabrück;2;6;SV Wehen Wiesbaden;2;2019
25;Sat Mar 7 2020;Hamburger SV;2;1;SSV Jahn Regensburg;2;2019
25;Sat Mar 7 2020;SV Darmstadt 98;0;0;VfL Bochum;2;2019
25;Sat Mar 7 2020;1. FC Heidenheim;3;1;Karlsruher SC;2;2019
25;Sun Mar 8 2020;Holstein Kiel;1;1;SpVgg Greuther Fürth;2;2019
25;Sun Mar 8 2020;SV Sandhausen;2;2;FC St. Pauli;2;2019
25;Sun Mar 8 2020;Dynamo Dresden;2;1;FC Erzgebirge Aue;2;2019
25;Mon Mar 9 2020;VfB Stuttgart;1;1;Arminia Bielefeld;2;2019
26;Sat May 16 2020;VfL Bochum;3;0;1. FC Heidenheim;2;2019
26;Sat May 16 2020;FC Erzgebirge Aue;3;1;SV Sandhausen;2;2019
26;Sat May 16 2020;Karlsruher SC;2;0;SV Darmstadt 98;2;2019
26;Sat May 16 2020;SSV Jahn Regensburg;2;2;Holstein Kiel;2;2019
26;Sun May 17 2020;FC St. Pauli;1;0;1. FC Nürnberg;2;2019
26;Sun May 17 2020;SV Wehen Wiesbaden;2;1;VfB Stuttgart;2;2019
26;Sun May 17 2020;Arminia Bielefeld;1;1;VfL Osnabrück;2;2019
26;Sun May 17 2020;SpVgg Greuther Fürth;2;2;Hamburger SV;2;2019
27;Fri May 22 2020;1. FC Nürnberg;1;1;FC Erzgebirge Aue;2;2019
27;Fri May 22 2020;1. FC Heidenheim;1;0;SV Wehen Wiesbaden;2;2019
27;Sat May 23 2020;SV Sandhausen;0;0;SSV Jahn Regensburg;2;2019
27;Sat May 23 2020;VfL Osnabrück;2;4;Hannover 96;2;2019
27;Sat May 23 2020;SV Darmstadt 98;4;0;FC St. Pauli;2;2019
27;Sun May 24 2020;Holstein Kiel;3;2;VfB Stuttgart;2;2019
27;Sun May 24 2020;Karlsruher SC;0;0;VfL Bochum;2;2019
27;Sun May 24 2020;Hamburger SV;0;0;Arminia Bielefeld;2;2019
28;Tue May 26 2020;SSV Jahn Regensburg;2;2;1. FC Nürnberg;2;2019
28;Tue May 26 2020;SV Wehen Wiesbaden;0;1;SV Sandhausen;2;2019
28;Tue May 26 2020;SpVgg Greuther Fürth;0;2;VfL Osnabrück;2;2019
28;Tue May 26 2020;FC Erzgebirge Aue;1;3;SV Darmstadt 98;2;2019
28;Wed May 27 2020;VfL Bochum;2;1;Holstein Kiel;2;2019
28;Wed May 27 2020;Hannover 96;1;1;Karlsruher SC;2;2019
28;Wed May 27 2020;FC St. Pauli;0;0;1. FC Heidenheim;2;2019
28;Thu May 28 2020;VfB Stuttgart;3;2;Hamburger SV;2;2019
29;Fri May 29 2020;SV Darmstadt 98;1;1;SpVgg Greuther Fürth;2;2019
29;Fri May 29 2020;VfL Osnabrück;2;2;SSV Jahn Regensburg;2;2019
29;Sat May 30 2020;1. FC Nürnberg;0;0;VfL Bochum;2;2019
29;Sat May 30 2020;Karlsruher SC;1;1;FC St. Pauli;2;2019
29;Sat May 30 2020;Holstein Kiel;1;2;Arminia Bielefeld;2;2019
29;Sat May 30 2020;SV Sandhausen;3;1;Hannover 96;2;2019
29;Sun May 31 2020;Hamburger SV;3;2;SV Wehen Wiesbaden;2;2019
29;Sun May 31 2020;Dynamo Dresden;0;2;VfB Stuttgart;2;2019
29;Sun May 31 2020;1. FC Heidenheim;3;0;FC Erzgebirge Aue;2;2019
26;Wed Jun 3 2020;Hannover 96;3;0;Dynamo Dresden;2;2019
30;Fri Jun 5 2020;VfL Bochum;2;0;FC St. Pauli;2;2019
30;Fri Jun 5 2020;SpVgg Greuther Fürth;1;2;SV Sandhausen;2;2019
30;Sat Jun 6 2020;Arminia Bielefeld;1;1;1. FC Nürnberg;2;2019
30;Sat Jun 6 2020;SSV Jahn Regensburg;3;0;SV Darmstadt 98;2;2019
30;Sat Jun 6 2020;SV Wehen Wiesbaden;2;3;Dynamo Dresden;2;2019
30;Sun Jun 7 2020;FC Erzgebirge Aue;1;0;Karlsruher SC;2;2019
30;Sun Jun 7 2020;Hannover 96;2;1;1. FC Heidenheim;2;2019
30;Sun Jun 7 2020;VfB Stuttgart;0;0;VfL Osnabrück;2;2019
30;Mon Jun 8 2020;Hamburger SV;3;3;Holstein Kiel;2;2019
27;Tue Jun 9 2020;Dynamo Dresden;1;1;SpVgg Greuther Fürth;2;2019
31;Fri Jun 12 2020;SV Sandhausen;0;0;Arminia Bielefeld;2;2019
31;Fri Jun 12 2020;Dynamo Dresden;0;1;Hamburger SV;2;2019
31;Sat Jun 13 2020;1. FC Heidenheim;4;1;SSV Jahn Regensburg;2;2019
31;Sat Jun 13 2020;1. FC Nürnberg;0;1;SpVgg Greuther Fürth;2;2019
31;Sat Jun 13 2020;Holstein Kiel;1;2;SV Wehen Wiesbaden;2;2019
31;Sat Jun 13 2020;VfL Osnabrück;0;2;VfL Bochum;2;2019
31;Sun Jun 14 2020;FC St. Pauli;2;1;FC Erzgebirge Aue;2;2019
31;Sun Jun 14 2020;Karlsruher SC;2;1;VfB Stuttgart;2;2019
31;Sun Jun 14 2020;SV Darmstadt 98;3;2;Hannover 96;2;2019
28;Mon Jun 15 2020;Arminia Bielefeld;4;0;Dynamo Dresden;2;2019
32;Tue Jun 16 2020;Hamburger SV;1;1;VfL Osnabrück;2;2019
32;Tue Jun 16 2020;SpVgg Greuther Fürth;0;0;1. FC Heidenheim;2;2019
32;Tue Jun 16 2020;SV Wehen Wiesbaden;0;6;1. FC Nürnberg;2;2019
32;Wed Jun 17 2020;SSV Jahn Regensburg;2;1;Karlsruher SC;2;2019
32;Wed Jun 17 2020;VfB Stuttgart;5;1;SV Sandhausen;2;2019
32;Wed Jun 17 2020;Hannover 96;4;0;FC St. Pauli;2;2019
32;Wed Jun 17 2020;FC Erzgebirge Aue;1;2;VfL Bochum;2;2019
32;Thu Jun 18 2020;Holstein Kiel;2;0;Dynamo Dresden;2;2019
32;Thu Jun 18 2020;Arminia Bielefeld;1;0;SV Darmstadt 98;2;2019
33;Sun Jun 21 2020;VfL Osnabrück;4;1;Holstein Kiel;2;2019
33;Sun Jun 21 2020;FC Erzgebirge Aue;2;1;Hannover 96;2;2019
33;Sun Jun 21 2020;SV Sandhausen;0;1;Dynamo Dresden;2;2019
33;Sun Jun 21 2020;Karlsruher SC;3;3;Arminia Bielefeld;2;2019
33;Sun Jun 21 2020;1. FC Nürnberg;0;6;VfB Stuttgart;2;2019
33;Sun Jun 21 2020;FC St. Pauli;1;1;SSV Jahn Regensburg;2;2019
33;Sun Jun 21 2020;VfL Bochum;2;2;SpVgg Greuther Fürth;2;2019
33;Sun Jun 21 2020;SV Darmstadt 98;3;1;SV Wehen Wiesbaden;2;2019
33;Sun Jun 21 2020;1. FC Heidenheim;2;1;Hamburger SV;2;2019
34;Sun Jun 28 2020;Arminia Bielefeld;3;0;1. FC Heidenheim;2;2019
34;Sun Jun 28 2020;VfB Stuttgart;1;3;SV Darmstadt 98;2;2019
34;Sun Jun 28 2020;Holstein Kiel;1;1;1. FC Nürnberg;2;2019
34;Sun Jun 28 2020;Hannover 96;2;0;VfL Bochum;2;2019
34;Sun Jun 28 2020;Dynamo Dresden;2;2;VfL Osnabrück;2;2019
34;Sun Jun 28 2020;Hamburger SV;1;5;SV Sandhausen;2;2019
34;Sun Jun 28 2020;SSV Jahn Regensburg;1;2;FC Erzgebirge Aue;2;2019
34;Sun Jun 28 2020;SV Wehen Wiesbaden;5;3;FC St. Pauli;2;2019
34;Sun Jun 28 2020;SpVgg Greuther Fürth;1;2;Karlsruher SC;2;2019
1;Fri Aug 16 2019;Bayern München;2;2;Hertha BSC;1;2019
1;Sat Aug 17 2019;Werder Bremen;1;3;Fortuna Düsseldorf;1;2019
1;Sat Aug 17 2019;SC Freiburg;3;0;1. FSV Mainz 05;1;2019
1;Sat Aug 17 2019;Bayer 04 Leverkusen;3;2;SC Paderborn 07;1;2019
1;Sat Aug 17 2019;Borussia Dortmund;5;1;FC Augsburg;1;2019
1;Sat Aug 17 2019;VfL Wolfsburg;2;1;1. FC Köln;1;2019
1;Sat Aug 17 2019;Bor. Mönchengladbach;0;0;FC Schalke 04;1;2019
1;Sun Aug 18 2019;Eintracht Frankfurt;1;0;TSG 1899 Hoffenheim;1;2019
1;Sun Aug 18 2019;1. FC Union Berlin;0;4;RB Leipzig;1;2019
2;Fri Aug 23 2019;1. FC Köln;1;3;Borussia Dortmund;1;2019
2;Sat Aug 24 2019;Fortuna Düsseldorf;1;3;Bayer 04 Leverkusen;1;2019
2;Sat Aug 24 2019;1. FSV Mainz 05;1;3;Bor. Mönchengladbach;1;2019
2;Sat Aug 24 2019;FC Augsburg;1;1;1. FC Union Berlin;1;2019
2;Sat Aug 24 2019;SC Paderborn 07;1;3;SC Freiburg;1;2019
2;Sat Aug 24 2019;TSG 1899 Hoffenheim;3;2;Werder Bremen;1;2019
2;Sat Aug 24 2019;FC Schalke 04;0;3;Bayern München;1;2019
2;Sun Aug 25 2019;RB Leipzig;2;1;Eintracht Frankfurt;1;2019
2;Sun Aug 25 2019;Hertha BSC;0;3;VfL Wolfsburg;1;2019
3;Fri Aug 30 2019;Bor. Mönchengladbach;1;3;RB Leipzig;1;2019
3;Sat Aug 31 2019;FC Schalke 04;3;0;Hertha BSC;1;2019
3;Sat Aug 31 2019;SC Freiburg;1;2;1. FC Köln;1;2019
3;Sat Aug 31 2019;Bayer 04 Leverkusen;0;0;TSG 1899 Hoffenheim;1;2019
3;Sat Aug 31 2019;Bayern München;6;1;1. FSV Mainz 05;1;2019
3;Sat Aug 31 2019;VfL Wolfsburg;1;1;SC Paderborn 07;1;2019
3;Sat Aug 31 2019;1. FC Union Berlin;3;1;Borussia Dortmund;1;2019
3;Sun Sep 1 2019;Werder Bremen;3;2;FC Augsburg;1;2019
3;Sun Sep 1 2019;Eintracht Frankfurt;2;1;Fortuna Düsseldorf;1;2019
4;Fri Sep 13 2019;Fortuna Düsseldorf;1;1;VfL Wolfsburg;1;2019
4;Sat Sep 14 2019;1. FC Köln;0;1;Bor. Mönchengladbach;1;2019
4;Sat Sep 14 2019;Borussia Dortmund;4;0;Bayer 04 Leverkusen;1;2019
4;Sat Sep 14 2019;1. FSV Mainz 05;2;1;Hertha BSC;1;2019
4;Sat Sep 14 2019;1. FC Union Berlin;1;2;Werder Bremen;1;2019
4;Sat Sep 14 2019;FC Augsburg;2;1;Eintracht Frankfurt;1;2019
4;Sat Sep 14 2019;RB Leipzig;1;1;Bayern München;1;2019
4;Sun Sep 15 2019;TSG 1899 Hoffenheim;0;3;SC Freiburg;1;2019
4;Sun Sep 15 2019;SC Paderborn 07;1;5;FC Schalke 04;1;2019
5;Fri Sep 20 2019;FC Schalke 04;2;1;1. FSV Mainz 05;1;2019
5;Sat Sep 21 2019;SC Freiburg;1;1;FC Augsburg;1;2019
5;Sat Sep 21 2019;Bayer 04 Leverkusen;2;0;1. FC Union Berlin;1;2019
5;Sat Sep 21 2019;Bayern München;4;0;1. FC Köln;1;2019
5;Sat Sep 21 2019;Hertha BSC;2;1;SC Paderborn 07;1;2019
5;Sat Sep 21 2019;Werder Bremen;0;3;RB Leipzig;1;2019
5;Sun Sep 22 2019;Bor. Mönchengladbach;2;1;Fortuna Düsseldorf;1;2019
5;Sun Sep 22 2019;Eintracht Frankfurt;2;2;Borussia Dortmund;1;2019
5;Mon Sep 23 2019;VfL Wolfsburg;1;1;TSG 1899 Hoffenheim;1;2019
6;Fri Sep 27 2019;1. FC Union Berlin;1;2;Eintracht Frankfurt;1;2019
6;Sat Sep 28 2019;1. FSV Mainz 05;0;1;VfL Wolfsburg;1;2019
6;Sat Sep 28 2019;FC Augsburg;0;3;Bayer 04 Leverkusen;1;2019
6;Sat Sep 28 2019;SC Paderborn 07;2;3;Bayern München;1;2019
6;Sat Sep 28 2019;TSG 1899 Hoffenheim;0;3;Bor. Mönchengladbach;1;2019
6;Sat Sep 28 2019;RB Leipzig;1;3;FC Schalke 04;1;2019
6;Sat Sep 28 2019;Borussia Dortmund;2;2;Werder Bremen;1;2019
6;Sun Sep 29 2019;Fortuna Düsseldorf;1;2;SC Freiburg;1;2019
6;Sun Sep 29 2019;1. FC Köln;0;4;Hertha BSC;1;2019
7;Fri Oct 4 2019;Hertha BSC;3;1;Fortuna Düsseldorf;1;2019
7;Sat Oct 5 2019;FC Schalke 04;1;1;1. FC Köln;1;2019
7;Sat Oct 5 2019;SC Freiburg;2;2;Borussia Dortmund;1;2019
7;Sat Oct 5 2019;Bayer 04 Leverkusen;1;1;RB Leipzig;1;2019
7;Sat Oct 5 2019;Bayern München;1;2;TSG 1899 Hoffenheim;1;2019
7;Sat Oct 5 2019;SC Paderborn 07;1;2;1. FSV Mainz 05;1;2019
7;Sun Oct 6 2019;Bor. Mönchengladbach;5;1;FC Augsburg;1;2019
7;Sun Oct 6 2019;VfL Wolfsburg;1;0;1. FC Union Berlin;1;2019
7;Sun Oct 6 2019;Eintracht Frankfurt;2;2;Werder Bremen;1;2019
8;Fri Oct 18 2019;Eintracht Frankfurt;3;0;Bayer 04 Leverkusen;1;2019
8;Sat Oct 19 2019;Werder Bremen;1;1;Hertha BSC;1;2019
8;Sat Oct 19 2019;Fortuna Düsseldorf;1;0;1. FSV Mainz 05;1;2019
8;Sat Oct 19 2019;Borussia Dortmund;1;0;Bor. Mönchengladbach;1;2019
8;Sat Oct 19 2019;RB Leipzig;1;1;VfL Wolfsburg;1;2019
8;Sat Oct 19 2019;1. FC Union Berlin;2;0;SC Freiburg;1;2019
8;Sat Oct 19 2019;FC Augsburg;2;2;Bayern München;1;2019
8;Sun Oct 20 2019;1. FC Köln;3;0;SC Paderborn 07;1;2019
8;Sun Oct 20 2019;TSG 1899 Hoffenheim;2;0;FC Schalke 04;1;2019
9;Fri Oct 25 2019;1. FSV Mainz 05;3;1;1. FC Köln;1;2019
9;Sat Oct 26 2019;Hertha BSC;2;3;TSG 1899 Hoffenheim;1;2019
9;Sat Oct 26 2019;SC Paderborn 07;2;0;Fortuna Düsseldorf;1;2019
9;Sat Oct 26 2019;FC Schalke 04;0;0;Borussia Dortmund;1;2019
9;Sat Oct 26 2019;SC Freiburg;2;1;RB Leipzig;1;2019
9;Sat Oct 26 2019;Bayer 04 Leverkusen;2;2;Werder Bremen;1;2019
9;Sat Oct 26 2019;Bayern München;2;1;1. FC Union Berlin;1;2019
9;Sun Oct 27 2019;Bor. Mönchengladbach;4;2;Eintracht Frankfurt;1;2019
9;Sun Oct 27 2019;VfL Wolfsburg;0;0;FC Augsburg;1;2019
10;Fri Nov 1 2019;TSG 1899 Hoffenheim;3;0;SC Paderborn 07;1;2019
10;Sat Nov 2 2019;RB Leipzig;8;0;1. FSV Mainz 05;1;2019
10;Sat Nov 2 2019;Werder Bremen;2;2;SC Freiburg;1;2019
10;Sat Nov 2 2019;Bayer 04 Leverkusen;1;2;Bor. Mönchengladbach;1;2019
10;Sat Nov 2 2019;Borussia Dortmund;3;0;VfL Wolfsburg;1;2019
10;Sat Nov 2 2019;Eintracht Frankfurt;5;1;Bayern München;1;2019
10;Sat Nov 2 2019;1. FC Union Berlin;1;0;Hertha BSC;1;2019
10;Sun Nov 3 2019;Fortuna Düsseldorf;2;0;1. FC Köln;1;2019
10;Sun Nov 3 2019;FC Augsburg;2;3;FC Schalke 04;1;2019
11;Fri Nov 8 2019;1. FC Köln;1;2;TSG 1899 Hoffenheim;1;2019
11;Sat Nov 9 2019;FC Schalke 04;3;3;Fortuna Düsseldorf;1;2019
11;Sat Nov 9 2019;Bayern München;4;0;Borussia Dortmund;1;2019
11;Sat Nov 9 2019;Hertha BSC;2;4;RB Leipzig;1;2019
11;Sat Nov 9 2019;1. FSV Mainz 05;2;3;1. FC Union Berlin;1;2019
11;Sat Nov 9 2019;SC Paderborn 07;0;1;FC Augsburg;1;2019
11;Sun Nov 10 2019;SC Freiburg;1;0;Eintracht Frankfurt;1;2019
11;Sun Nov 10 2019;VfL Wolfsburg;0;2;Bayer 04 Leverkusen;1;2019
11;Sun Nov 10 2019;Bor. Mönchengladbach;3;1;Werder Bremen;1;2019
12;Fri Nov 22 2019;Borussia Dortmund;3;3;SC Paderborn 07;1;2019
12;Sat Nov 23 2019;RB Leipzig;4;1;1. FC Köln;1;2019
12;Sat Nov 23 2019;Werder Bremen;1;2;FC Schalke 04;1;2019
12;Sat Nov 23 2019;Bayer 04 Leverkusen;1;1;SC Freiburg;1;2019
12;Sat Nov 23 2019;Fortuna Düsseldorf;0;4;Bayern München;1;2019
12;Sat Nov 23 2019;Eintracht Frankfurt;0;2;VfL Wolfsburg;1;2019
12;Sat Nov 23 2019;1. FC Union Berlin;2;0;Bor. Mönchengladbach;1;2019
12;Sun Nov 24 2019;FC Augsburg;4;0;Hertha BSC;1;2019
12;Sun Nov 24 2019;TSG 1899 Hoffenheim;1;5;1. FSV Mainz 05;1;2019
13;Fri Nov 29 2019;FC Schalke 04;2;1;1. FC Union Berlin;1;2019
13;Sat Nov 30 2019;TSG 1899 Hoffenheim;1;1;Fortuna Düsseldorf;1;2019
13;Sat Nov 30 2019;Hertha BSC;1;2;Borussia Dortmund;1;2019
13;Sat Nov 30 2019;1. FC Köln;1;1;FC Augsburg;1;2019
13;Sat Nov 30 2019;SC Paderborn 07;2;3;RB Leipzig;1;2019
13;Sat Nov 30 2019;Bayern München;1;2;Bayer 04 Leverkusen;1;2019
13;Sun Dec 1 2019;Bor. Mönchengladbach;4;2;SC Freiburg;1;2019
13;Sun Dec 1 2019;VfL Wolfsburg;2;3;Werder Bremen;1;2019
13;Mon Dec 2 2019;1. FSV Mainz 05;2;1;Eintracht Frankfurt;1;2019
14;Fri Dec 6 2019;Eintracht Frankfurt;2;2;Hertha BSC;1;2019
14;Sat Dec 7 2019;Borussia Dortmund;5;0;Fortuna Düsseldorf;1;2019
14;Sat Dec 7 2019;RB Leipzig;3;1;TSG 1899 Hoffenheim;1;2019
14;Sat Dec 7 2019;Bor. Mönchengladbach;2;1;Bayern München;1;2019
14;Sat Dec 7 2019;SC Freiburg;1;0;VfL Wolfsburg;1;2019
14;Sat Dec 7 2019;FC Augsburg;2;1;1. FSV Mainz 05;1;2019
14;Sat Dec 7 2019;Bayer 04 Leverkusen;2;1;FC Schalke 04;1;2019
14;Sun Dec 8 2019;1. FC Union Berlin;2;0;1. FC Köln;1;2019
14;Sun Dec 8 2019;Werder Bremen;0;1;SC Paderborn 07;1;2019
15;Fri Dec 13 2019;TSG 1899 Hoffenheim;2;4;FC Augsburg;1;2019
15;Sat Dec 14 2019;Bayern München;6;1;Werder Bremen;1;2019
15;Sat Dec 14 2019;Hertha BSC;1;0;SC Freiburg;1;2019
15;Sat Dec 14 2019;1. FSV Mainz 05;0;4;Borussia Dortmund;1;2019
15;Sat Dec 14 2019;1. FC Köln;2;0;Bayer 04 Leverkusen;1;2019
15;Sat Dec 14 2019;SC Paderborn 07;1;1;1. FC Union Berlin;1;2019
15;Sat Dec 14 2019;Fortuna Düsseldorf;0;3;RB Leipzig;1;2019
15;Sun Dec 15 2019;VfL Wolfsburg;2;1;Bor. Mönchengladbach;1;2019
15;Sun Dec 15 2019;FC Schalke 04;1;0;Eintracht Frankfurt;1;2019
16;Tue Dec 17 2019;Werder Bremen;0;5;1. FSV Mainz 05;1;2019
16;Tue Dec 17 2019;Borussia Dortmund;3;3;RB Leipzig;1;2019
16;Tue Dec 17 2019;FC Augsburg;3;0;Fortuna Düsseldorf;1;2019
16;Tue Dec 17 2019;1. FC Union Berlin;0;2;TSG 1899 Hoffenheim;1;2019
16;Wed Dec 18 2019;Bayer 04 Leverkusen;0;1;Hertha BSC;1;2019
16;Wed Dec 18 2019;SC Freiburg;1;3;Bayern München;1;2019
16;Wed Dec 18 2019;Bor. Mönchengladbach;2;0;SC Paderborn 07;1;2019
16;Wed Dec 18 2019;VfL Wolfsburg;1;1;FC Schalke 04;1;2019
16;Wed Dec 18 2019;Eintracht Frankfurt;2;4;1. FC Köln;1;2019
17;Fri Dec 20 2019;TSG 1899 Hoffenheim;2;1;Borussia Dortmund;1;2019
17;Sat Dec 21 2019;Bayern München;2;0;VfL Wolfsburg;1;2019
17;Sat Dec 21 2019;RB Leipzig;3;1;FC Augsburg;1;2019
17;Sat Dec 21 2019;1. FSV Mainz 05;0;1;Bayer 04 Leverkusen;1;2019
17;Sat Dec 21 2019;FC Schalke 04;2;2;SC Freiburg;1;2019
17;Sat Dec 21 2019;1. FC Köln;1;0;Werder Bremen;1;2019
17;Sat Dec 21 2019;Hertha BSC;0;0;Bor. Mönchengladbach;1;2019
17;Sun Dec 22 2019;Fortuna Düsseldorf;2;1;1. FC Union Berlin;1;2019
17;Sun Dec 22 2019;SC Paderborn 07;2;1;Eintracht Frankfurt;1;2019
18;Fri Jan 17 2020;FC Schalke 04;2;0;Bor. Mönchengladbach;1;2019
18;Sat Jan 18 2020;TSG 1899 Hoffenheim;1;2;Eintracht Frankfurt;1;2019
18;Sat Jan 18 2020;Fortuna Düsseldorf;0;1;Werder Bremen;1;2019
18;Sat Jan 18 2020;1. FSV Mainz 05;1;2;SC Freiburg;1;2019
18;Sat Jan 18 2020;FC Augsburg;3;5;Borussia Dortmund;1;2019
18;Sat Jan 18 2020;1. FC Köln;3;1;VfL Wolfsburg;1;2019
18;Sat Jan 18 2020;RB Leipzig;3;1;1. FC Union Berlin;1;2019
18;Sun Jan 19 2020;Hertha BSC;0;4;Bayern München;1;2019
18;Sun Jan 19 2020;SC Paderborn 07;1;4;Bayer 04 Leverkusen;1;2019
19;Fri Jan 24 2020;Borussia Dortmund;5;1;1. FC Köln;1;2019
19;Sat Jan 25 2020;SC Freiburg;0;2;SC Paderborn 07;1;2019
19;Sat Jan 25 2020;Bayern München;5;0;FC Schalke 04;1;2019
19;Sat Jan 25 2020;Bor. Mönchengladbach;3;1;1. FSV Mainz 05;1;2019
19;Sat Jan 25 2020;VfL Wolfsburg;1;2;Hertha BSC;1;2019
19;Sat Jan 25 2020;Eintracht Frankfurt;2;0;RB Leipzig;1;2019
19;Sat Jan 25 2020;1. FC Union Berlin;2;0;FC Augsburg;1;2019
19;Sun Jan 26 2020;Werder Bremen;0;3;TSG 1899 Hoffenheim;1;2019
19;Sun Jan 26 2020;Bayer 04 Leverkusen;3;0;Fortuna Düsseldorf;1;2019
20;Fri Jan 31 2020;Hertha BSC;0;0;FC Schalke 04;1;2019
20;Sat Feb 1 2020;Fortuna Düsseldorf;1;1;Eintracht Frankfurt;1;2019
20;Sat Feb 1 2020;Borussia Dortmund;5;0;1. FC Union Berlin;1;2019
20;Sat Feb 1 2020;1. FSV Mainz 05;1;3;Bayern München;1;2019
20;Sat Feb 1 2020;FC Augsburg;2;1;Werder Bremen;1;2019
20;Sat Feb 1 2020;TSG 1899 Hoffenheim;2;1;Bayer 04 Leverkusen;1;2019
20;Sat Feb 1 2020;RB Leipzig;2;2;Bor. Mönchengladbach;1;2019
20;Sun Feb 2 2020;1. FC Köln;4;0;SC Freiburg;1;2019
20;Sun Feb 2 2020;SC Paderborn 07;2;4;VfL Wolfsburg;1;2019
21;Fri Feb 7 2020;Eintracht Frankfurt;5;0;FC Augsburg;1;2019
21;Sat Feb 8 2020;FC Schalke 04;1;1;SC Paderborn 07;1;2019
21;Sat Feb 8 2020;Werder Bremen;0;2;1. FC Union Berlin;1;2019
21;Sat Feb 8 2020;SC Freiburg;1;0;TSG 1899 Hoffenheim;1;2019
21;Sat Feb 8 2020;Bayer 04 Leverkusen;4;3;Borussia Dortmund;1;2019
21;Sat Feb 8 2020;VfL Wolfsburg;1;1;Fortuna Düsseldorf;1;2019
21;Sat Feb 8 2020;Hertha BSC;1;3;1. FSV Mainz 05;1;2019
21;Sun Feb 9 2020;Bayern München;0;0;RB Leipzig;1;2019
22;Fri Feb 14 2020;Borussia Dortmund;4;0;Eintracht Frankfurt;1;2019
22;Sat Feb 15 2020;Fortuna Düsseldorf;1;4;Bor. Mönchengladbach;1;2019
22;Sat Feb 15 2020;1. FC Union Berlin;2;3;Bayer 04 Leverkusen;1;2019
22;Sat Feb 15 2020;FC Augsburg;1;1;SC Freiburg;1;2019
22;Sat Feb 15 2020;SC Paderborn 07;1;2;Hertha BSC;1;2019
22;Sat Feb 15 2020;TSG 1899 Hoffenheim;2;3;VfL Wolfsburg;1;2019
22;Sat Feb 15 2020;RB Leipzig;3;0;Werder Bremen;1;2019
22;Sun Feb 16 2020;1. FC Köln;1;4;Bayern München;1;2019
22;Sun Feb 16 2020;1. FSV Mainz 05;0;0;FC Schalke 04;1;2019
23;Fri Feb 21 2020;Bayern München;3;2;SC Paderborn 07;1;2019
23;Sat Feb 22 2020;FC Schalke 04;0;5;RB Leipzig;1;2019
23;Sat Feb 22 2020;Werder Bremen;0;2;Borussia Dortmund;1;2019
23;Sat Feb 22 2020;SC Freiburg;0;2;Fortuna Düsseldorf;1;2019
23;Sat Feb 22 2020;Bor. Mönchengladbach;1;1;TSG 1899 Hoffenheim;1;2019
23;Sat Feb 22 2020;Hertha BSC;0;5;1. FC Köln;1;2019
23;Sun Feb 23 2020;VfL Wolfsburg;4;0;1. FSV Mainz 05;1;2019
23;Sun Feb 23 2020;Bayer 04 Leverkusen;2;0;FC Augsburg;1;2019
23;Mon Feb 24 2020;Eintracht Frankfurt;1;2;1. FC Union Berlin;1;2019
24;Fri Feb 28 2020;Fortuna Düsseldorf;3;3;Hertha BSC;1;2019
24;Sat Feb 29 2020;1. FC Köln;3;0;FC Schalke 04;1;2019
24;Sat Feb 29 2020;Borussia Dortmund;1;0;SC Freiburg;1;2019
24;Sat Feb 29 2020;1. FSV Mainz 05;2;0;SC Paderborn 07;1;2019
24;Sat Feb 29 2020;FC Augsburg;2;3;Bor. Mönchengladbach;1;2019
24;Sat Feb 29 2020;TSG 1899 Hoffenheim;0;6;Bayern München;1;2019
24;Sun Mar 1 2020;1. FC Union Berlin;2;2;VfL Wolfsburg;1;2019
24;Sun Mar 1 2020;RB Leipzig;1;1;Bayer 04 Leverkusen;1;2019
25;Fri Mar 6 2020;SC Paderborn 07;1;2;1. FC Köln;1;2019
25;Sat Mar 7 2020;FC Schalke 04;1;1;TSG 1899 Hoffenheim;1;2019
25;Sat Mar 7 2020;SC Freiburg;3;1;1. FC Union Berlin;1;2019
25;Sat Mar 7 2020;Bayer 04 Leverkusen;4;0;Eintracht Frankfurt;1;2019
25;Sat Mar 7 2020;Bor. Mönchengladbach;1;2;Borussia Dortmund;1;2019
25;Sat Mar 7 2020;VfL Wolfsburg;0;0;RB Leipzig;1;2019
25;Sat Mar 7 2020;Hertha BSC;2;2;Werder Bremen;1;2019
25;Sun Mar 8 2020;1. FSV Mainz 05;1;1;Fortuna Düsseldorf;1;2019
25;Sun Mar 8 2020;Bayern München;2;0;FC Augsburg;1;2019
21;Wed Mar 11 2020;Bor. Mönchengladbach;2;1;1. FC Köln;1;2019
26;Sat May 16 2020;Borussia Dortmund;4;0;FC Schalke 04;1;2019
26;Sat May 16 2020;RB Leipzig;1;1;SC Freiburg;1;2019
26;Sat May 16 2020;TSG 1899 Hoffenheim;0;3;Hertha BSC;1;2019
26;Sat May 16 2020;Fortuna Düsseldorf;0;0;SC Paderborn 07;1;2019
26;Sat May 16 2020;FC Augsburg;1;2;VfL Wolfsburg;1;2019
26;Sat May 16 2020;Eintracht Frankfurt;1;3;Bor. Mönchengladbach;1;2019
26;Sun May 17 2020;1. FC Köln;2;2;1. FSV Mainz 05;1;2019
26;Sun May 17 2020;1. FC Union Berlin;0;2;Bayern München;1;2019
26;Mon May 18 2020;Werder Bremen;1;4;Bayer 04 Leverkusen;1;2019
27;Fri May 22 2020;Hertha BSC;4;0;1. FC Union Berlin;1;2019
27;Sat May 23 2020;Bor. Mönchengladbach;1;3;Bayer 04 Leverkusen;1;2019
27;Sat May 23 2020;VfL Wolfsburg;0;2;Borussia Dortmund;1;2019
27;Sat May 23 2020;SC Freiburg;0;1;Werder Bremen;1;2019
27;Sat May 23 2020;SC Paderborn 07;1;1;TSG 1899 Hoffenheim;1;2019
27;Sat May 23 2020;Bayern München;5;2;Eintracht Frankfurt;1;2019
27;Sun May 24 2020;FC Schalke 04;0;3;FC Augsburg;1;2019
27;Sun May 24 2020;1. FSV Mainz 05;0;5;RB Leipzig;1;2019
27;Sun May 24 2020;1. FC Köln;2;2;Fortuna Düsseldorf;1;2019
28;Tue May 26 2020;Borussia Dortmund;0;1;Bayern München;1;2019
28;Tue May 26 2020;Bayer 04 Leverkusen;1;4;VfL Wolfsburg;1;2019
28;Tue May 26 2020;Eintracht Frankfurt;3;3;SC Freiburg;1;2019
28;Tue May 26 2020;Werder Bremen;0;0;Bor. Mönchengladbach;1;2019
28;Wed May 27 2020;RB Leipzig;2;2;Hertha BSC;1;2019
28;Wed May 27 2020;TSG 1899 Hoffenheim;3;1;1. FC Köln;1;2019
28;Wed May 27 2020;Fortuna Düsseldorf;2;1;FC Schalke 04;1;2019
28;Wed May 27 2020;FC Augsburg;0;0;SC Paderborn 07;1;2019
28;Wed May 27 2020;1. FC Union Berlin;1;1;1. FSV Mainz 05;1;2019
29;Fri May 29 2020;SC Freiburg;0;1;Bayer 04 Leverkusen;1;2019
29;Sat May 30 2020;VfL Wolfsburg;1;2;Eintracht Frankfurt;1;2019
29;Sat May 30 2020;Hertha BSC;2;0;FC Augsburg;1;2019
29;Sat May 30 2020;1. FSV Mainz 05;0;1;TSG 1899 Hoffenheim;1;2019
29;Sat May 30 2020;FC Schalke 04;0;1;Werder Bremen;1;2019
29;Sat May 30 2020;Bayern München;5;0;Fortuna Düsseldorf;1;2019
29;Sun May 31 2020;Bor. Mönchengladbach;4;1;1. FC Union Berlin;1;2019
29;Sun May 31 2020;SC Paderborn 07;1;6;Borussia Dortmund;1;2019
29;Mon Jun 1 2020;1. FC Köln;2;4;RB Leipzig;1;2019
24;Wed Jun 3 2020;Werder Bremen;0;3;Eintracht Frankfurt;1;2019
30;Fri Jun 5 2020;SC Freiburg;1;0;Bor. Mönchengladbach;1;2019
30;Sat Jun 6 2020;RB Leipzig;1;1;SC Paderborn 07;1;2019
30;Sat Jun 6 2020;Bayer 04 Leverkusen;2;4;Bayern München;1;2019
30;Sat Jun 6 2020;Eintracht Frankfurt;0;2;1. FSV Mainz 05;1;2019
30;Sat Jun 6 2020;Fortuna Düsseldorf;2;2;TSG 1899 Hoffenheim;1;2019
30;Sat Jun 6 2020;Borussia Dortmund;1;0;Hertha BSC;1;2019
30;Sun Jun 7 2020;Werder Bremen;0;1;VfL Wolfsburg;1;2019
30;Sun Jun 7 2020;1. FC Union Berlin;1;1;FC Schalke 04;1;2019
30;Sun Jun 7 2020;FC Augsburg;1;1;1. FC Köln;1;2019
31;Fri Jun 12 2020;TSG 1899 Hoffenheim;0;2;RB Leipzig;1;2019
31;Sat Jun 13 2020;VfL Wolfsburg;2;2;SC Freiburg;1;2019
31;Sat Jun 13 2020;Fortuna Düsseldorf;0;1;Borussia Dortmund;1;2019
31;Sat Jun 13 2020;Hertha BSC;1;4;Eintracht Frankfurt;1;2019
31;Sat Jun 13 2020;1. FC Köln;1;2;1. FC Union Berlin;1;2019
31;Sat Jun 13 2020;SC Paderborn 07;1;5;Werder Bremen;1;2019
31;Sat Jun 13 2020;Bayern München;2;1;Bor. Mönchengladbach;1;2019
31;Sun Jun 14 2020;1. FSV Mainz 05;0;1;FC Augsburg;1;2019
31;Sun Jun 14 2020;FC Schalke 04;1;1;Bayer 04 Leverkusen;1;2019
32;Tue Jun 16 2020;Bor. Mönchengladbach;3;0;VfL Wolfsburg;1;2019
32;Tue Jun 16 2020;Werder Bremen;0;1;Bayern München;1;2019
32;Tue Jun 16 2020;SC Freiburg;2;1;Hertha BSC;1;2019
32;Tue Jun 16 2020;1. FC Union Berlin;1;0;SC Paderborn 07;1;2019
32;Wed Jun 17 2020;Eintracht Frankfurt;2;1;FC Schalke 04;1;2019
32;Wed Jun 17 2020;Borussia Dortmund;0;2;1. FSV Mainz 05;1;2019
32;Wed Jun 17 2020;RB Leipzig;2;2;Fortuna Düsseldorf;1;2019
32;Wed Jun 17 2020;Bayer 04 Leverkusen;3;1;1. FC Köln;1;2019
32;Wed Jun 17 2020;FC Augsburg;1;3;TSG 1899 Hoffenheim;1;2019
33;Sat Jun 20 2020;FC Schalke 04;1;4;VfL Wolfsburg;1;2019
33;Sat Jun 20 2020;Fortuna Düsseldorf;1;1;FC Augsburg;1;2019
33;Sat Jun 20 2020;Bayern München;3;1;SC Freiburg;1;2019
33;Sat Jun 20 2020;1. FC Köln;1;1;Eintracht Frankfurt;1;2019
33;Sat Jun 20 2020;Hertha BSC;2;0;Bayer 04 Leverkusen;1;2019
33;Sat Jun 20 2020;1. FSV Mainz 05;3;1;Werder Bremen;1;2019
33;Sat Jun 20 2020;SC Paderborn 07;1;3;Bor. Mönchengladbach;1;2019
33;Sat Jun 20 2020;TSG 1899 Hoffenheim;4;0;1. FC Union Berlin;1;2019
33;Sat Jun 20 2020;RB Leipzig;0;2;Borussia Dortmund;1;2019
34;Sat Jun 27 2020;Werder Bremen;6;1;1. FC Köln;1;2019
34;Sat Jun 27 2020;SC Freiburg;4;0;FC Schalke 04;1;2019
34;Sat Jun 27 2020;Bayer 04 Leverkusen;1;0;1. FSV Mainz 05;1;2019
34;Sat Jun 27 2020;Bor. Mönchengladbach;2;1;Hertha BSC;1;2019
34;Sat Jun 27 2020;Borussia Dortmund;0;4;TSG 1899 Hoffenheim;1;2019
34;Sat Jun 27 2020;VfL Wolfsburg;0;4;Bayern München;1;2019
34;Sat Jun 27 2020;Eintracht Frankfurt;3;2;SC Paderborn 07;1;2019
34;Sat Jun 27 2020;1. FC Union Berlin;3;0;Fortuna Düsseldorf;1;2019
34;Sat Jun 27 2020;FC Augsburg;1;2;RB Leipzig;1;2019
1;Fri Aug 3 2018;Hamburger SV;0;3;Holstein Kiel;2;2018
1;Sat Aug 4 2018;VfL Bochum;0;2;1. FC Köln;2;2018
1;Sat Aug 4 2018;SSV Jahn Regensburg;2;1;FC Ingolstadt 04;2;2018
1;Sat Aug 4 2018;SpVgg Greuther Fürth;3;1;SV Sandhausen;2;2018
1;Sun Aug 5 2018;1. FC Magdeburg;1;2;FC St. Pauli;2;2018
1;Sun Aug 5 2018;1. FC Union Berlin;1;0;FC Erzgebirge Aue;2;2018
1;Sun Aug 5 2018;1. FC Heidenheim;1;1;Arminia Bielefeld;2;2018
1;Sun Aug 5 2018;SV Darmstadt 98;1;0;SC Paderborn 07;2;2018
1;Mon Aug 6 2018;Dynamo Dresden;1;0;MSV Duisburg;2;2018
2;Fri Aug 10 2018;FC Ingolstadt 04;1;1;SpVgg Greuther Fürth;2;2018
2;Fri Aug 10 2018;SC Paderborn 07;2;0;SSV Jahn Regensburg;2;2018
2;Fri Aug 10 2018;FC St. Pauli;2;0;SV Darmstadt 98;2;2018
2;Sat Aug 11 2018;MSV Duisburg;0;2;VfL Bochum;2;2018
2;Sat Aug 11 2018;Arminia Bielefeld;2;1;Dynamo Dresden;2;2018
2;Sun Aug 12 2018;SV Sandhausen;0;3;Hamburger SV;2;2018
2;Sun Aug 12 2018;FC Erzgebirge Aue;0;0;1. FC Magdeburg;2;2018
2;Sun Aug 12 2018;Holstein Kiel;1;1;1. FC Heidenheim;2;2018
2;Mon Aug 13 2018;1. FC Köln;1;1;1. FC Union Berlin;2;2018
3;Fri Aug 24 2018;SV Darmstadt 98;3;0;MSV Duisburg;2;2018
3;Fri Aug 24 2018;VfL Bochum;1;0;SV Sandhausen;2;2018
3;Sat Aug 25 2018;1. FC Köln;3;1;FC Erzgebirge Aue;2;2018
3;Sat Aug 25 2018;SpVgg Greuther Fürth;2;2;SC Paderborn 07;2;2018
3;Sat Aug 25 2018;1. FC Magdeburg;1;1;FC Ingolstadt 04;2;2018
3;Sun Aug 26 2018;1. FC Union Berlin;4;1;FC St. Pauli;2;2018
3;Sun Aug 26 2018;SSV Jahn Regensburg;0;0;Holstein Kiel;2;2018
3;Sun Aug 26 2018;Dynamo Dresden;1;3;1. FC Heidenheim;2;2018
3;Mon Aug 27 2018;Hamburger SV;3;0;Arminia Bielefeld;2;2018
4;Fri Aug 31 2018;SC Paderborn 07;2;2;VfL Bochum;2;2018
4;Fri Aug 31 2018;FC Ingolstadt 04;3;2;FC Erzgebirge Aue;2;2018
4;Sat Sep 1 2018;Arminia Bielefeld;5;3;SSV Jahn Regensburg;2;2018
4;Sat Sep 1 2018;MSV Duisburg;0;1;SpVgg Greuther Fürth;2;2018
4;Sun Sep 2 2018;1. FC Heidenheim;0;1;SV Darmstadt 98;2;2018
4;Sun Sep 2 2018;FC St. Pauli;3;5;1. FC Köln;2;2018
4;Sun Sep 2 2018;SV Sandhausen;0;0;1. FC Union Berlin;2;2018
4;Mon Sep 3 2018;Holstein Kiel;2;1;1. FC Magdeburg;2;2018
5;Fri Sep 14 2018;1. FC Union Berlin;2;2;MSV Duisburg;2;2018
5;Fri Sep 14 2018;SSV Jahn Regensburg;0;2;Dynamo Dresden;2;2018
5;Sat Sep 15 2018;SV Darmstadt 98;1;1;SV Sandhausen;2;2018
5;Sat Sep 15 2018;Hamburger SV;3;2;1. FC Heidenheim;2;2018
5;Sat Sep 15 2018;SpVgg Greuther Fürth;4;1;Holstein Kiel;2;2018
5;Sun Sep 16 2018;1. FC Köln;3;5;SC Paderborn 07;2;2018
5;Sun Sep 16 2018;VfL Bochum;6;0;FC Ingolstadt 04;2;2018
5;Sun Sep 16 2018;FC Erzgebirge Aue;3;1;FC St. Pauli;2;2018
5;Mon Sep 17 2018;1. FC Magdeburg;0;0;Arminia Bielefeld;2;2018
4;Tue Sep 18 2018;Dynamo Dresden;0;1;Hamburger SV;2;2018
6;Fri Sep 21 2018;SV Sandhausen;0;2;1. FC Köln;2;2018
6;Fri Sep 21 2018;FC Ingolstadt 04;0;1;FC St. Pauli;2;2018
6;Sat Sep 22 2018;Holstein Kiel;2;2;VfL Bochum;2;2018
6;Sat Sep 22 2018;Dynamo Dresden;4;1;SV Darmstadt 98;2;2018
6;Sat Sep 22 2018;Arminia Bielefeld;1;1;1. FC Union Berlin;2;2018
6;Sun Sep 23 2018;Hamburger SV;0;5;SSV Jahn Regensburg;2;2018
6;Sun Sep 23 2018;MSV Duisburg;1;2;FC Erzgebirge Aue;2;2018
6;Sun Sep 23 2018;1. FC Heidenheim;2;0;SpVgg Greuther Fürth;2;2018
6;Sun Sep 23 2018;SC Paderborn 07;4;4;1. FC Magdeburg;2;2018
7;Tue Sep 25 2018;SV Darmstadt 98;1;2;Arminia Bielefeld;2;2018
7;Tue Sep 25 2018;1. FC Köln;2;1;FC Ingolstadt 04;2;2018
7;Tue Sep 25 2018;1. FC Union Berlin;2;0;Holstein Kiel;2;2018
7;Tue Sep 25 2018;VfL Bochum;0;1;Dynamo Dresden;2;2018
7;Wed Sep 26 2018;SSV Jahn Regensburg;2;1;1. FC Heidenheim;2;2018
7;Wed Sep 26 2018;1. FC Magdeburg;3;3;MSV Duisburg;2;2018
7;Wed Sep 26 2018;FC St. Pauli;2;1;SC Paderborn 07;2;2018
7;Wed Sep 26 2018;FC Erzgebirge Aue;0;2;SV Sandhausen;2;2018
7;Thu Sep 27 2018;SpVgg Greuther Fürth;0;0;Hamburger SV;2;2018
8;Fri Sep 28 2018;Holstein Kiel;4;2;SV Darmstadt 98;2;2018
8;Fri Sep 28 2018;Arminia Bielefeld;1;3;1. FC Köln;2;2018
8;Sat Sep 29 2018;1. FC Heidenheim;3;2;VfL Bochum;2;2018
8;Sat Sep 29 2018;MSV Duisburg;1;3;SSV Jahn Regensburg;2;2018
8;Sat Sep 29 2018;SC Paderborn 07;1;0;FC Erzgebirge Aue;2;2018
8;Sun Sep 30 2018;Dynamo Dresden;0;1;SpVgg Greuther Fürth;2;2018
8;Sun Sep 30 2018;Hamburger SV;0;0;FC St. Pauli;2;2018
8;Sun Sep 30 2018;SV Sandhausen;0;1;1. FC Magdeburg;2;2018
8;Mon Oct 1 2018;FC Ingolstadt 04;1;2;1. FC Union Berlin;2;2018
9;Fri Oct 5 2018;SV Darmstadt 98;1;2;Hamburger SV;2;2018
9;Fri Oct 5 2018;VfL Bochum;1;0;Arminia Bielefeld;2;2018
9;Sat Oct 6 2018;FC Erzgebirge Aue;2;1;Holstein Kiel;2;2018
9;Sat Oct 6 2018;SpVgg Greuther Fürth;1;1;SSV Jahn Regensburg;2;2018
9;Sat Oct 6 2018;1. FC Magdeburg;2;2;Dynamo Dresden;2;2018
9;Sun Oct 7 2018;1. FC Union Berlin;1;1;1. FC Heidenheim;2;2018
9;Sun Oct 7 2018;FC Ingolstadt 04;1;2;SC Paderborn 07;2;2018
9;Sun Oct 7 2018;FC St. Pauli;3;1;SV Sandhausen;2;2018
9;Mon Oct 8 2018;1. FC Köln;1;2;MSV Duisburg;2;2018
10;Fri Oct 19 2018;SV Sandhausen;4;0;FC Ingolstadt 04;2;2018
10;Fri Oct 19 2018;Dynamo Dresden;1;1;FC Erzgebirge Aue;2;2018
10;Sat Oct 20 2018;1. FC Heidenheim;3;0;1. FC Magdeburg;2;2018
10;Sat Oct 20 2018;Holstein Kiel;1;1;1. FC Köln;2;2018
10;Sat Oct 20 2018;Arminia Bielefeld;2;3;SpVgg Greuther Fürth;2;2018
10;Sun Oct 21 2018;Hamburger SV;0;0;VfL Bochum;2;2018
10;Sun Oct 21 2018;SSV Jahn Regensburg;1;1;SV Darmstadt 98;2;2018
10;Sun Oct 21 2018;SC Paderborn 07;0;0;1. FC Union Berlin;2;2018
10;Mon Oct 22 2018;MSV Duisburg;0;1;FC St. Pauli;2;2018
11;Fri Oct 26 2018;1. FC Magdeburg;0;1;Hamburger SV;2;2018
11;Fri Oct 26 2018;SV Darmstadt 98;2;0;SpVgg Greuther Fürth;2;2018
11;Sat Oct 27 2018;1. FC Köln;1;1;1. FC Heidenheim;2;2018
11;Sat Oct 27 2018;SC Paderborn 07;3;3;SV Sandhausen;2;2018
11;Sat Oct 27 2018;FC Erzgebirge Aue;1;0;Arminia Bielefeld;2;2018
11;Sun Oct 28 2018;FC Ingolstadt 04;1;1;MSV Duisburg;2;2018
11;Sun Oct 28 2018;1. FC Union Berlin;0;0;Dynamo Dresden;2;2018
11;Sun Oct 28 2018;FC St. Pauli;0;1;Holstein Kiel;2;2018
11;Mon Oct 29 2018;VfL Bochum;3;3;SSV Jahn Regensburg;2;2018
12;Fri Nov 2 2018;Dynamo Dresden;3;1;SV Sandhausen;2;2018
12;Fri Nov 2 2018;SpVgg Greuther Fürth;2;2;VfL Bochum;2;2018
12;Sat Nov 3 2018;SV Darmstadt 98;3;1;1. FC Magdeburg;2;2018
12;Sat Nov 3 2018;Holstein Kiel;2;2;FC Ingolstadt 04;2;2018
12;Sat Nov 3 2018;MSV Duisburg;2;0;SC Paderborn 07;2;2018
12;Sun Nov 4 2018;1. FC Heidenheim;1;0;FC Erzgebirge Aue;2;2018
12;Sun Nov 4 2018;Arminia Bielefeld;1;2;FC St. Pauli;2;2018
12;Sun Nov 4 2018;SSV Jahn Regensburg;1;1;1. FC Union Berlin;2;2018
12;Mon Nov 5 2018;Hamburger SV;1;0;1. FC Köln;2;2018
13;Fri Nov 9 2018;SC Paderborn 07;4;4;Holstein Kiel;2;2018
13;Fri Nov 9 2018;SV Sandhausen;0;0;MSV Duisburg;2;2018
13;Sat Nov 10 2018;1. FC Köln;8;1;Dynamo Dresden;2;2018
13;Sat Nov 10 2018;FC Erzgebirge Aue;1;3;Hamburger SV;2;2018
13;Sat Nov 10 2018;FC St. Pauli;1;1;1. FC Heidenheim;2;2018
13;Sun Nov 11 2018;1. FC Union Berlin;4;0;SpVgg Greuther Fürth;2;2018
13;Sun Nov 11 2018;1. FC Magdeburg;2;3;SSV Jahn Regensburg;2;2018
13;Sun Nov 11 2018;FC Ingolstadt 04;1;1;Arminia Bielefeld;2;2018
13;Mon Nov 12 2018;VfL Bochum;1;0;SV Darmstadt 98;2;2018
14;Fri Nov 23 2018;SpVgg Greuther Fürth;3;2;1. FC Magdeburg;2;2018
14;Fri Nov 23 2018;Arminia Bielefeld;0;1;MSV Duisburg;2;2018
14;Sat Nov 24 2018;Holstein Kiel;2;1;SV Sandhausen;2;2018
14;Sat Nov 24 2018;SV Darmstadt 98;0;3;1. FC Köln;2;2018
14;Sat Nov 24 2018;VfL Bochum;2;1;FC Erzgebirge Aue;2;2018
14;Sun Nov 25 2018;Dynamo Dresden;2;0;FC Ingolstadt 04;2;2018
14;Sun Nov 25 2018;SSV Jahn Regensburg;1;1;FC St. Pauli;2;2018
14;Sun Nov 25 2018;1. FC Heidenheim;1;5;SC Paderborn 07;2;2018
14;Mon Nov 26 2018;Hamburger SV;2;2;1. FC Union Berlin;2;2018
15;Fri Nov 30 2018;FC Erzgebirge Aue;1;1;SSV Jahn Regensburg;2;2018
15;Fri Nov 30 2018;SC Paderborn 07;2;2;Arminia Bielefeld;2;2018
15;Sat Dec 1 2018;1. FC Union Berlin;3;1;SV Darmstadt 98;2;2018
15;Sat Dec 1 2018;1. FC Köln;4;0;SpVgg Greuther Fürth;2;2018
15;Sat Dec 1 2018;FC Ingolstadt 04;1;2;Hamburger SV;2;2018
15;Sat Dec 1 2018;FC St. Pauli;1;1;Dynamo Dresden;2;2018
15;Sun Dec 2 2018;SV Sandhausen;1;2;1. FC Heidenheim;2;2018
15;Sun Dec 2 2018;1. FC Magdeburg;0;0;VfL Bochum;2;2018
15;Sun Dec 2 2018;MSV Duisburg;0;4;Holstein Kiel;2;2018
16;Fri Dec 7 2018;SSV Jahn Regensburg;1;3;1. FC Köln;2;2018
16;Fri Dec 7 2018;Hamburger SV;1;0;SC Paderborn 07;2;2018
16;Sat Dec 8 2018;1. FC Heidenheim;4;1;MSV Duisburg;2;2018
16;Sat Dec 8 2018;SV Darmstadt 98;1;1;FC Ingolstadt 04;2;2018
16;Sat Dec 8 2018;SpVgg Greuther Fürth;0;5;FC Erzgebirge Aue;2;2018
16;Sun Dec 9 2018;Dynamo Dresden;0;2;Holstein Kiel;2;2018
16;Sun Dec 9 2018;1. FC Magdeburg;1;1;1. FC Union Berlin;2;2018
16;Sun Dec 9 2018;Arminia Bielefeld;1;1;SV Sandhausen;2;2018
16;Mon Dec 10 2018;VfL Bochum;1;3;FC St. Pauli;2;2018
17;Fri Dec 14 2018;MSV Duisburg;1;2;Hamburger SV;2;2018
17;Fri Dec 14 2018;Holstein Kiel;1;2;Arminia Bielefeld;2;2018
17;Sat Dec 15 2018;1. FC Union Berlin;2;0;VfL Bochum;2;2018
17;Sat Dec 15 2018;SC Paderborn 07;3;0;Dynamo Dresden;2;2018
17;Sat Dec 15 2018;FC St. Pauli;2;0;SpVgg Greuther Fürth;2;2018
17;Sun Dec 16 2018;FC Erzgebirge Aue;2;2;SV Darmstadt 98;2;2018
17;Sun Dec 16 2018;SV Sandhausen;2;2;SSV Jahn Regensburg;2;2018
17;Sun Dec 16 2018;FC Ingolstadt 04;1;1;1. FC Heidenheim;2;2018
17;Mon Dec 17 2018;1. FC Köln;3;0;1. FC Magdeburg;2;2018
18;Fri Dec 21 2018;SV Sandhausen;0;0;SpVgg Greuther Fürth;2;2018
18;Fri Dec 21 2018;1. FC Köln;2;3;VfL Bochum;2;2018
18;Sat Dec 22 2018;Arminia Bielefeld;1;2;1. FC Heidenheim;2;2018
18;Sat Dec 22 2018;FC Ingolstadt 04;1;2;SSV Jahn Regensburg;2;2018
18;Sat Dec 22 2018;FC St. Pauli;4;1;1. FC Magdeburg;2;2018
18;Sun Dec 23 2018;MSV Duisburg;1;3;Dynamo Dresden;2;2018
18;Sun Dec 23 2018;FC Erzgebirge Aue;3;0;1. FC Union Berlin;2;2018
18;Sun Dec 23 2018;SC Paderborn 07;6;2;SV Darmstadt 98;2;2018
18;Sun Dec 23 2018;Holstein Kiel;3;1;Hamburger SV;2;2018
19;Tue Jan 29 2019;VfL Bochum;2;1;MSV Duisburg;2;2018
19;Tue Jan 29 2019;SpVgg Greuther Fürth;0;1;FC Ingolstadt 04;2;2018
19;Tue Jan 29 2019;SV Darmstadt 98;2;1;FC St. Pauli;2;2018
19;Tue Jan 29 2019;1. FC Magdeburg;1;0;FC Erzgebirge Aue;2;2018
19;Wed Jan 30 2019;SSV Jahn Regensburg;2;0;SC Paderborn 07;2;2018
19;Wed Jan 30 2019;1. FC Heidenheim;2;2;Holstein Kiel;2;2018
19;Wed Jan 30 2019;Hamburger SV;2;1;SV Sandhausen;2;2018
19;Wed Jan 30 2019;Dynamo Dresden;3;4;Arminia Bielefeld;2;2018
19;Thu Jan 31 2019;1. FC Union Berlin;2;0;1. FC Köln;2;2018
20;Fri Feb 1 2019;MSV Duisburg;3;2;SV Darmstadt 98;2;2018
20;Fri Feb 1 2019;FC Ingolstadt 04;0;1;1. FC Magdeburg;2;2018
20;Sat Feb 2 2019;SC Paderborn 07;6;0;SpVgg Greuther Fürth;2;2018
20;Sat Feb 2 2019;1. FC Heidenheim;1;0;Dynamo Dresden;2;2018
20;Sat Feb 2 2019;Arminia Bielefeld;2;0;Hamburger SV;2;2018
20;Sun Feb 3 2019;Holstein Kiel;2;0;SSV Jahn Regensburg;2;2018
20;Sun Feb 3 2019;SV Sandhausen;3;0;VfL Bochum;2;2018
20;Mon Feb 4 2019;FC St. Pauli;3;2;1. FC Union Berlin;2;2018
21;Fri Feb 8 2019;SSV Jahn Regensburg;0;3;Arminia Bielefeld;2;2018
21;Fri Feb 8 2019;1. FC Köln;4;1;FC St. Pauli;2;2018
21;Sat Feb 9 2019;1. FC Union Berlin;2;0;SV Sandhausen;2;2018
21;Sat Feb 9 2019;VfL Bochum;1;2;SC Paderborn 07;2;2018
21;Sat Feb 9 2019;SpVgg Greuther Fürth;1;0;MSV Duisburg;2;2018
21;Sun Feb 10 2019;SV Darmstadt 98;1;2;1. FC Heidenheim;2;2018
21;Sun Feb 10 2019;FC Erzgebirge Aue;0;3;FC Ingolstadt 04;2;2018
21;Sun Feb 10 2019;1. FC Magdeburg;1;1;Holstein Kiel;2;2018
21;Mon Feb 11 2019;Hamburger SV;1;0;Dynamo Dresden;2;2018
22;Fri Feb 15 2019;SV Sandhausen;1;1;SV Darmstadt 98;2;2018
22;Fri Feb 15 2019;SC Paderborn 07;3;2;1. FC Köln;2;2018
22;Sat Feb 16 2019;FC St. Pauli;1;2;FC Erzgebirge Aue;2;2018
22;Sat Feb 16 2019;FC Ingolstadt 04;2;1;VfL Bochum;2;2018
22;Sat Feb 16 2019;MSV Duisburg;2;3;1. FC Union Berlin;2;2018
22;Sat Feb 16 2019;1. FC Heidenheim;2;2;Hamburger SV;2;2018
22;Sun Feb 17 2019;Dynamo Dresden;0;0;SSV Jahn Regensburg;2;2018
22;Sun Feb 17 2019;Arminia Bielefeld;1;3;1. FC Magdeburg;2;2018
22;Sun Feb 17 2019;Holstein Kiel;2;2;SpVgg Greuther Fürth;2;2018
23;Fri Feb 22 2019;SpVgg Greuther Fürth;0;0;1. FC Heidenheim;2;2018
23;Fri Feb 22 2019;1. FC Union Berlin;1;1;Arminia Bielefeld;2;2018
23;Sat Feb 23 2019;1. FC Köln;3;1;SV Sandhausen;2;2018
23;Sat Feb 23 2019;VfL Bochum;1;3;Holstein Kiel;2;2018
23;Sat Feb 23 2019;FC St. Pauli;1;0;FC Ingolstadt 04;2;2018
23;Sat Feb 23 2019;SV Darmstadt 98;2;0;Dynamo Dresden;2;2018
23;Sun Feb 24 2019;SSV Jahn Regensburg;2;1;Hamburger SV;2;2018
23;Sun Feb 24 2019;1. FC Magdeburg;1;1;SC Paderborn 07;2;2018
23;Sun Feb 24 2019;FC Erzgebirge Aue;0;0;MSV Duisburg;2;2018
20;Wed Feb 27 2019;FC Erzgebirge Aue;0;1;1. FC Köln;2;2018
24;Fri Mar 1 2019;Holstein Kiel;0;2;1. FC Union Berlin;2;2018
24;Fri Mar 1 2019;MSV Duisburg;1;0;1. FC Magdeburg;2;2018
24;Sat Mar 2 2019;1. FC Heidenheim;1;2;SSV Jahn Regensburg;2;2018
24;Sat Mar 2 2019;SV Sandhausen;0;3;FC Erzgebirge Aue;2;2018
24;Sat Mar 2 2019;SC Paderborn 07;0;1;FC St. Pauli;2;2018
24;Sun Mar 3 2019;Dynamo Dresden;2;2;VfL Bochum;2;2018
24;Sun Mar 3 2019;Arminia Bielefeld;1;0;SV Darmstadt 98;2;2018
24;Sun Mar 3 2019;FC Ingolstadt 04;1;2;1. FC Köln;2;2018
24;Mon Mar 4 2019;Hamburger SV;1;0;SpVgg Greuther Fürth;2;2018
25;Fri Mar 8 2019;1. FC Union Berlin;2;0;FC Ingolstadt 04;2;2018
25;Fri Mar 8 2019;VfL Bochum;1;0;1. FC Heidenheim;2;2018
25;Sat Mar 9 2019;SSV Jahn Regensburg;1;1;MSV Duisburg;2;2018
25;Sat Mar 9 2019;SV Darmstadt 98;3;2;Holstein Kiel;2;2018
25;Sat Mar 9 2019;1. FC Köln;5;1;Arminia Bielefeld;2;2018
25;Sat Mar 9 2019;FC Erzgebirge Aue;2;1;SC Paderborn 07;2;2018
25;Sun Mar 10 2019;1. FC Magdeburg;0;1;SV Sandhausen;2;2018
25;Sun Mar 10 2019;FC St. Pauli;0;4;Hamburger SV;2;2018
26;Fri Mar 15 2019;1. FC Heidenheim;2;1;1. FC Union Berlin;2;2018
26;Fri Mar 15 2019;Holstein Kiel;5;1;FC Erzgebirge Aue;2;2018
26;Sat Mar 16 2019;Dynamo Dresden;1;1;1. FC Magdeburg;2;2018
26;Sat Mar 16 2019;Hamburger SV;2;3;SV Darmstadt 98;2;2018
26;Sat Mar 16 2019;SV Sandhausen;4;0;FC St. Pauli;2;2018
26;Sun Mar 17 2019;SC Paderborn 07;3;1;FC Ingolstadt 04;2;2018
26;Sun Mar 17 2019;Arminia Bielefeld;3;1;VfL Bochum;2;2018
26;Mon Mar 18 2019;SSV Jahn Regensburg;0;2;SpVgg Greuther Fürth;2;2018
27;Fri Mar 29 2019;1. FC Magdeburg;0;0;1. FC Heidenheim;2;2018
27;Fri Mar 29 2019;FC St. Pauli;0;0;MSV Duisburg;2;2018
27;Sat Mar 30 2019;1. FC Union Berlin;1;3;SC Paderborn 07;2;2018
27;Sat Mar 30 2019;SV Darmstadt 98;1;1;SSV Jahn Regensburg;2;2018
27;Sat Mar 30 2019;VfL Bochum;0;0;Hamburger SV;2;2018
27;Sun Mar 31 2019;FC Ingolstadt 04;1;2;SV Sandhausen;2;2018
27;Sun Mar 31 2019;SpVgg Greuther Fürth;2;2;Arminia Bielefeld;2;2018
27;Sun Mar 31 2019;1. FC Köln;4;0;Holstein Kiel;2;2018
27;Mon Apr 1 2019;FC Erzgebirge Aue;1;3;Dynamo Dresden;2;2018
25;Thu Apr 4 2019;SpVgg Greuther Fürth;0;0;Dynamo Dresden;2;2018
28;Fri Apr 5 2019;Arminia Bielefeld;2;1;FC Erzgebirge Aue;2;2018
28;Fri Apr 5 2019;SSV Jahn Regensburg;2;1;VfL Bochum;2;2018
28;Sat Apr 6 2019;MSV Duisburg;2;4;FC Ingolstadt 04;2;2018
28;Sat Apr 6 2019;Holstein Kiel;2;1;FC St. Pauli;2;2018
28;Sat Apr 6 2019;SV Sandhausen;1;1;SC Paderborn 07;2;2018
28;Sun Apr 7 2019;1. FC Heidenheim;0;2;1. FC Köln;2;2018
28;Sun Apr 7 2019;SpVgg Greuther Fürth;2;1;SV Darmstadt 98;2;2018
28;Sun Apr 7 2019;Dynamo Dresden;0;0;1. FC Union Berlin;2;2018
28;Mon Apr 8 2019;Hamburger SV;1;2;1. FC Magdeburg;2;2018
26;Wed Apr 10 2019;MSV Duisburg;4;4;1. FC Köln;2;2018
29;Fri Apr 12 2019;FC Erzgebirge Aue;0;1;1. FC Heidenheim;2;2018
29;Fri Apr 12 2019;1. FC Union Berlin;2;2;SSV Jahn Regensburg;2;2018
29;Sat Apr 13 2019;1. FC Magdeburg;0;1;SV Darmstadt 98;2;2018
29;Sat Apr 13 2019;SV Sandhausen;3;1;Dynamo Dresden;2;2018
29;Sat Apr 13 2019;SC Paderborn 07;4;0;MSV Duisburg;2;2018
29;Sun Apr 14 2019;FC St. Pauli;1;1;Arminia Bielefeld;2;2018
29;Sun Apr 14 2019;VfL Bochum;3;2;SpVgg Greuther Fürth;2;2018
29;Sun Apr 14 2019;FC Ingolstadt 04;1;1;Holstein Kiel;2;2018
29;Mon Apr 15 2019;1. FC Köln;1;1;Hamburger SV;2;2018
30;Sat Apr 20 2019;Holstein Kiel;1;2;SC Paderborn 07;2;2018
30;Sat Apr 20 2019;SpVgg Greuther Fürth;1;1;1. FC Union Berlin;2;2018
30;Sat Apr 20 2019;Hamburger SV;1;1;FC Erzgebirge Aue;2;2018
30;Sat Apr 20 2019;MSV Duisburg;2;2;SV Sandhausen;2;2018
30;Sun Apr 21 2019;Dynamo Dresden;3;0;1. FC Köln;2;2018
30;Sun Apr 21 2019;SSV Jahn Regensburg;1;0;1. FC Magdeburg;2;2018
30;Sun Apr 21 2019;Arminia Bielefeld;1;3;FC Ingolstadt 04;2;2018
30;Sun Apr 21 2019;SV Darmstadt 98;0;0;VfL Bochum;2;2018
30;Sun Apr 21 2019;1. FC Heidenheim;3;0;FC St. Pauli;2;2018
31;Fri Apr 26 2019;1. FC Köln;1;2;SV Darmstadt 98;2;2018
31;Fri Apr 26 2019;FC Ingolstadt 04;1;0;Dynamo Dresden;2;2018
31;Sat Apr 27 2019;1. FC Magdeburg;2;1;SpVgg Greuther Fürth;2;2018
31;Sat Apr 27 2019;FC St. Pauli;4;3;SSV Jahn Regensburg;2;2018
31;Sat Apr 27 2019;SV Sandhausen;3;2;Holstein Kiel;2;2018
31;Sun Apr 28 2019;FC Erzgebirge Aue;3;2;VfL Bochum;2;2018
31;Sun Apr 28 2019;1. FC Union Berlin;2;0;Hamburger SV;2;2018
31;Sun Apr 28 2019;SC Paderborn 07;3;1;1. FC Heidenheim;2;2018
31;Mon Apr 29 2019;MSV Duisburg;2;2;Arminia Bielefeld;2;2018
32;Fri May 3 2019;Arminia Bielefeld;2;0;SC Paderborn 07;2;2018
32;Fri May 3 2019;Dynamo Dresden;2;1;FC St. Pauli;2;2018
32;Sat May 4 2019;1. FC Heidenheim;2;3;SV Sandhausen;2;2018
32;Sat May 4 2019;Hamburger SV;0;3;FC Ingolstadt 04;2;2018
32;Sat May 4 2019;VfL Bochum;4;2;1. FC Magdeburg;2;2018
32;Sun May 5 2019;SV Darmstadt 98;2;1;1. FC Union Berlin;2;2018
32;Sun May 5 2019;SSV Jahn Regensburg;1;3;FC Erzgebirge Aue;2;2018
32;Sun May 5 2019;Holstein Kiel;0;2;MSV Duisburg;2;2018
32;Mon May 6 2019;SpVgg Greuther Fürth;0;4;1. FC Köln;2;2018
33;Sun May 12 2019;1. FC Union Berlin;3;0;1. FC Magdeburg;2;2018
33;Sun May 12 2019;Holstein Kiel;3;0;Dynamo Dresden;2;2018
33;Sun May 12 2019;FC Erzgebirge Aue;1;1;SpVgg Greuther Fürth;2;2018
33;Sun May 12 2019;SC Paderborn 07;4;1;Hamburger SV;2;2018
33;Sun May 12 2019;FC St. Pauli;0;0;VfL Bochum;2;2018
33;Sun May 12 2019;1. FC Köln;3;5;SSV Jahn Regensburg;2;2018
33;Sun May 12 2019;FC Ingolstadt 04;3;0;SV Darmstadt 98;2;2018
33;Sun May 12 2019;MSV Duisburg;3;4;1. FC Heidenheim;2;2018
33;Sun May 12 2019;SV Sandhausen;0;3;Arminia Bielefeld;2;2018
34;Sun May 19 2019;SV Darmstadt 98;1;0;FC Erzgebirge Aue;2;2018
34;Sun May 19 2019;Hamburger SV;3;0;MSV Duisburg;2;2018
34;Sun May 19 2019;VfL Bochum;2;2;1. FC Union Berlin;2;2018
34;Sun May 19 2019;1. FC Heidenheim;4;2;FC Ingolstadt 04;2;2018
34;Sun May 19 2019;Dynamo Dresden;3;1;SC Paderborn 07;2;2018
34;Sun May 19 2019;SpVgg Greuther Fürth;2;1;FC St. Pauli;2;2018
34;Sun May 19 2019;SSV Jahn Regensburg;2;2;SV Sandhausen;2;2018
34;Sun May 19 2019;1. FC Magdeburg;1;1;1. FC Köln;2;2018
34;Sun May 19 2019;Arminia Bielefeld;1;0;Holstein Kiel;2;2018
1;Fri Aug 24 2018;Bayern München;3;1;TSG 1899 Hoffenheim;1;2018
1;Sat Aug 25 2018;Hertha BSC;1;0;1. FC Nürnberg;1;2018
1;Sat Aug 25 2018;Werder Bremen;1;1;Hannover 96;1;2018
1;Sat Aug 25 2018;SC Freiburg;0;2;Eintracht Frankfurt;1;2018
1;Sat Aug 25 2018;VfL Wolfsburg;2;1;FC Schalke 04;1;2018
1;Sat Aug 25 2018;Fortuna Düsseldorf;1;2;FC Augsburg;1;2018
1;Sat Aug 25 2018;Bor. Mönchengladbach;2;0;Bayer 04 Leverkusen;1;2018
1;Sun Aug 26 2018;1. FSV Mainz 05;1;0;VfB Stuttgart;1;2018
1;Sun Aug 26 2018;Borussia Dortmund;4;1;RB Leipzig;1;2018
2;Fri Aug 31 2018;Hannover 96;0;0;Borussia Dortmund;1;2018
2;Sat Sep 1 2018;TSG 1899 Hoffenheim;3;1;SC Freiburg;1;2018
2;Sat Sep 1 2018;Bayer 04 Leverkusen;1;3;VfL Wolfsburg;1;2018
2;Sat Sep 1 2018;Eintracht Frankfurt;1;2;Werder Bremen;1;2018
2;Sat Sep 1 2018;FC Augsburg;1;1;Bor. Mönchengladbach;1;2018
2;Sat Sep 1 2018;1. FC Nürnberg;1;1;1. FSV Mainz 05;1;2018
2;Sat Sep 1 2018;VfB Stuttgart;0;3;Bayern München;1;2018
2;Sun Sep 2 2018;RB Leipzig;1;1;Fortuna Düsseldorf;1;2018
2;Sun Sep 2 2018;FC Schalke 04;0;2;Hertha BSC;1;2018
3;Fri Sep 14 2018;Borussia Dortmund;3;1;Eintracht Frankfurt;1;2018
3;Sat Sep 15 2018;RB Leipzig;3;2;Hannover 96;1;2018
3;Sat Sep 15 2018;1. FSV Mainz 05;2;1;FC Augsburg;1;2018
3;Sat Sep 15 2018;VfL Wolfsburg;2;2;Hertha BSC;1;2018
3;Sat Sep 15 2018;Fortuna Düsseldorf;2;1;TSG 1899 Hoffenheim;1;2018
3;Sat Sep 15 2018;Bayern München;3;1;Bayer 04 Leverkusen;1;2018
3;Sat Sep 15 2018;Bor. Mönchengladbach;2;1;FC Schalke 04;1;2018
3;Sun Sep 16 2018;Werder Bremen;1;1;1. FC Nürnberg;1;2018
3;Sun Sep 16 2018;SC Freiburg;3;3;VfB Stuttgart;1;2018
4;Fri Sep 21 2018;VfB Stuttgart;0;0;Fortuna Düsseldorf;1;2018
4;Sat Sep 22 2018;TSG 1899 Hoffenheim;1;1;Borussia Dortmund;1;2018
4;Sat Sep 22 2018;Hertha BSC;4;2;Bor. Mönchengladbach;1;2018
4;Sat Sep 22 2018;FC Augsburg;2;3;Werder Bremen;1;2018
4;Sat Sep 22 2018;VfL Wolfsburg;1;3;SC Freiburg;1;2018
4;Sat Sep 22 2018;1. FC Nürnberg;2;0;Hannover 96;1;2018
4;Sat Sep 22 2018;FC Schalke 04;0;2;Bayern München;1;2018
4;Sun Sep 23 2018;Bayer 04 Leverkusen;1;0;1. FSV Mainz 05;1;2018
4;Sun Sep 23 2018;Eintracht Frankfurt;1;1;RB Leipzig;1;2018
5;Tue Sep 25 2018;Werder Bremen;3;1;Hertha BSC;1;2018
5;Tue Sep 25 2018;Bayern München;1;1;FC Augsburg;1;2018
5;Tue Sep 25 2018;Hannover 96;1;3;TSG 1899 Hoffenheim;1;2018
5;Tue Sep 25 2018;SC Freiburg;1;0;FC Schalke 04;1;2018
5;Wed Sep 26 2018;Fortuna Düsseldorf;1;2;Bayer 04 Leverkusen;1;2018
5;Wed Sep 26 2018;Borussia Dortmund;7;0;1. FC Nürnberg;1;2018
5;Wed Sep 26 2018;RB Leipzig;2;0;VfB Stuttgart;1;2018
5;Wed Sep 26 2018;Bor. Mönchengladbach;3;1;Eintracht Frankfurt;1;2018
5;Wed Sep 26 2018;1. FSV Mainz 05;0;0;VfL Wolfsburg;1;2018
6;Fri Sep 28 2018;Hertha BSC;2;0;Bayern München;1;2018
6;Sat Sep 29 2018;FC Schalke 04;1;0;1. FSV Mainz 05;1;2018
6;Sat Sep 29 2018;TSG 1899 Hoffenheim;1;2;RB Leipzig;1;2018
6;Sat Sep 29 2018;VfB Stuttgart;2;1;Werder Bremen;1;2018
6;Sat Sep 29 2018;VfL Wolfsburg;2;2;Bor. Mönchengladbach;1;2018
6;Sat Sep 29 2018;1. FC Nürnberg;3;0;Fortuna Düsseldorf;1;2018
6;Sat Sep 29 2018;Bayer 04 Leverkusen;2;4;Borussia Dortmund;1;2018
6;Sun Sep 30 2018;Eintracht Frankfurt;4;1;Hannover 96;1;2018
6;Sun Sep 30 2018;FC Augsburg;4;1;SC Freiburg;1;2018
7;Fri Oct 5 2018;Werder Bremen;2;0;VfL Wolfsburg;1;2018
7;Sat Oct 6 2018;Bayern München;0;3;Bor. Mönchengladbach;1;2018
7;Sat Oct 6 2018;Borussia Dortmund;4;3;FC Augsburg;1;2018
7;Sat Oct 6 2018;Hannover 96;3;1;VfB Stuttgart;1;2018
7;Sat Oct 6 2018;1. FSV Mainz 05;0;0;Hertha BSC;1;2018
7;Sat Oct 6 2018;Fortuna Düsseldorf;0;2;FC Schalke 04;1;2018
7;Sun Oct 7 2018;SC Freiburg;0;0;Bayer 04 Leverkusen;1;2018
7;Sun Oct 7 2018;RB Leipzig;6;0;1. FC Nürnberg;1;2018
7;Sun Oct 7 2018;TSG 1899 Hoffenheim;1;2;Eintracht Frankfurt;1;2018
8;Fri Oct 19 2018;Eintracht Frankfurt;7;1;Fortuna Düsseldorf;1;2018
8;Sat Oct 20 2018;FC Schalke 04;0;2;Werder Bremen;1;2018
8;Sat Oct 20 2018;Bayer 04 Leverkusen;2;2;Hannover 96;1;2018
8;Sat Oct 20 2018;VfB Stuttgart;0;4;Borussia Dortmund;1;2018
8;Sat Oct 20 2018;FC Augsburg;0;0;RB Leipzig;1;2018
8;Sat Oct 20 2018;VfL Wolfsburg;1;3;Bayern München;1;2018
8;Sat Oct 20 2018;1. FC Nürnberg;1;3;TSG 1899 Hoffenheim;1;2018
8;Sun Oct 21 2018;Bor. Mönchengladbach;4;0;1. FSV Mainz 05;1;2018
8;Sun Oct 21 2018;Hertha BSC;1;1;SC Freiburg;1;2018
9;Fri Oct 26 2018;SC Freiburg;3;1;Bor. Mönchengladbach;1;2018
9;Sat Oct 27 2018;TSG 1899 Hoffenheim;4;0;VfB Stuttgart;1;2018
9;Sat Oct 27 2018;Borussia Dortmund;2;2;Hertha BSC;1;2018
9;Sat Oct 27 2018;Hannover 96;1;2;FC Augsburg;1;2018
9;Sat Oct 27 2018;1. FSV Mainz 05;1;2;Bayern München;1;2018
9;Sat Oct 27 2018;Fortuna Düsseldorf;0;3;VfL Wolfsburg;1;2018
9;Sun Oct 28 2018;RB Leipzig;0;0;FC Schalke 04;1;2018
9;Sun Oct 28 2018;Werder Bremen;2;6;Bayer 04 Leverkusen;1;2018
9;Sun Oct 28 2018;1. FC Nürnberg;1;1;Eintracht Frankfurt;1;2018
10;Fri Nov 2 2018;VfB Stuttgart;0;3;Eintracht Frankfurt;1;2018
10;Sat Nov 3 2018;Bayern München;1;1;SC Freiburg;1;2018
10;Sat Nov 3 2018;FC Schalke 04;3;1;Hannover 96;1;2018
10;Sat Nov 3 2018;Bayer 04 Leverkusen;1;4;TSG 1899 Hoffenheim;1;2018
10;Sat Nov 3 2018;Hertha BSC;0;3;RB Leipzig;1;2018
10;Sat Nov 3 2018;FC Augsburg;2;2;1. FC Nürnberg;1;2018
10;Sat Nov 3 2018;VfL Wolfsburg;0;1;Borussia Dortmund;1;2018
10;Sun Nov 4 2018;Bor. Mönchengladbach;3;0;Fortuna Düsseldorf;1;2018
10;Sun Nov 4 2018;1. FSV Mainz 05;2;1;Werder Bremen;1;2018
11;Fri Nov 9 2018;Hannover 96;2;1;VfL Wolfsburg;1;2018
11;Sat Nov 10 2018;TSG 1899 Hoffenheim;2;1;FC Augsburg;1;2018
11;Sat Nov 10 2018;Borussia Dortmund;3;2;Bayern München;1;2018
11;Sat Nov 10 2018;Werder Bremen;1;3;Bor. Mönchengladbach;1;2018
11;Sat Nov 10 2018;SC Freiburg;1;3;1. FSV Mainz 05;1;2018
11;Sat Nov 10 2018;Fortuna Düsseldorf;4;1;Hertha BSC;1;2018
11;Sat Nov 10 2018;1. FC Nürnberg;0;2;VfB Stuttgart;1;2018
11;Sun Nov 11 2018;RB Leipzig;3;0;Bayer 04 Leverkusen;1;2018
11;Sun Nov 11 2018;Eintracht Frankfurt;3;0;FC Schalke 04;1;2018
12;Fri Nov 23 2018;Bayer 04 Leverkusen;2;0;VfB Stuttgart;1;2018
12;Sat Nov 24 2018;Bayern München;3;3;Fortuna Düsseldorf;1;2018
12;Sat Nov 24 2018;FC Schalke 04;5;2;1. FC Nürnberg;1;2018
12;Sat Nov 24 2018;Hertha BSC;3;3;TSG 1899 Hoffenheim;1;2018
12;Sat Nov 24 2018;FC Augsburg;1;3;Eintracht Frankfurt;1;2018
12;Sat Nov 24 2018;1. FSV Mainz 05;1;2;Borussia Dortmund;1;2018
12;Sat Nov 24 2018;VfL Wolfsburg;1;0;RB Leipzig;1;2018
12;Sun Nov 25 2018;SC Freiburg;1;1;Werder Bremen;1;2018
12;Sun Nov 25 2018;Bor. Mönchengladbach;4;1;Hannover 96;1;2018
13;Fri Nov 30 2018;Fortuna Düsseldorf;0;1;1. FSV Mainz 05;1;2018
13;Sat Dec 1 2018;TSG 1899 Hoffenheim;1;1;FC Schalke 04;1;2018
13;Sat Dec 1 2018;Borussia Dortmund;2;0;SC Freiburg;1;2018
13;Sat Dec 1 2018;VfB Stuttgart;1;0;FC Augsburg;1;2018
13;Sat Dec 1 2018;Werder Bremen;1;2;Bayern München;1;2018
13;Sat Dec 1 2018;Hannover 96;0;2;Hertha BSC;1;2018
13;Sun Dec 2 2018;RB Leipzig;2;0;Bor. Mönchengladbach;1;2018
13;Sun Dec 2 2018;Eintracht Frankfurt;1;2;VfL Wolfsburg;1;2018
13;Mon Dec 3 2018;1. FC Nürnberg;1;1;Bayer 04 Leverkusen;1;2018
14;Fri Dec 7 2018;Werder Bremen;3;1;Fortuna Düsseldorf;1;2018
14;Sat Dec 8 2018;Bayern München;3;0;1. FC Nürnberg;1;2018
14;Sat Dec 8 2018;FC Schalke 04;1;2;Borussia Dortmund;1;2018
14;Sat Dec 8 2018;Bayer 04 Leverkusen;1;0;FC Augsburg;1;2018
14;Sat Dec 8 2018;Hertha BSC;1;0;Eintracht Frankfurt;1;2018
14;Sat Dec 8 2018;SC Freiburg;3;0;RB Leipzig;1;2018
14;Sat Dec 8 2018;VfL Wolfsburg;2;2;TSG 1899 Hoffenheim;1;2018
14;Sun Dec 9 2018;Bor. Mönchengladbach;3;0;VfB Stuttgart;1;2018
14;Sun Dec 9 2018;1. FSV Mainz 05;1;1;Hannover 96;1;2018
15;Fri Dec 14 2018;1. FC Nürnberg;0;2;VfL Wolfsburg;1;2018
15;Sat Dec 15 2018;TSG 1899 Hoffenheim;0;0;Bor. Mönchengladbach;1;2018
15;Sat Dec 15 2018;Borussia Dortmund;2;1;Werder Bremen;1;2018
15;Sat Dec 15 2018;VfB Stuttgart;2;1;Hertha BSC;1;2018
15;Sat Dec 15 2018;FC Augsburg;1;1;FC Schalke 04;1;2018
15;Sat Dec 15 2018;Hannover 96;0;4;Bayern München;1;2018
15;Sat Dec 15 2018;Fortuna Düsseldorf;2;0;SC Freiburg;1;2018
15;Sun Dec 16 2018;RB Leipzig;4;1;1. FSV Mainz 05;1;2018
15;Sun Dec 16 2018;Eintracht Frankfurt;2;1;Bayer 04 Leverkusen;1;2018
16;Tue Dec 18 2018;Bor. Mönchengladbach;2;0;1. FC Nürnberg;1;2018
16;Tue Dec 18 2018;Hertha BSC;2;2;FC Augsburg;1;2018
16;Tue Dec 18 2018;VfL Wolfsburg;2;0;VfB Stuttgart;1;2018
16;Tue Dec 18 2018;Fortuna Düsseldorf;2;1;Borussia Dortmund;1;2018
16;Wed Dec 19 2018;Bayern München;1;0;RB Leipzig;1;2018
16;Wed Dec 19 2018;FC Schalke 04;1;2;Bayer 04 Leverkusen;1;2018
16;Wed Dec 19 2018;Werder Bremen;1;1;TSG 1899 Hoffenheim;1;2018
16;Wed Dec 19 2018;SC Freiburg;1;1;Hannover 96;1;2018
16;Wed Dec 19 2018;1. FSV Mainz 05;2;2;Eintracht Frankfurt;1;2018
17;Fri Dec 21 2018;Borussia Dortmund;2;1;Bor. Mönchengladbach;1;2018
17;Sat Dec 22 2018;Bayer 04 Leverkusen;3;1;Hertha BSC;1;2018
17;Sat Dec 22 2018;RB Leipzig;3;2;Werder Bremen;1;2018
17;Sat Dec 22 2018;VfB Stuttgart;1;3;FC Schalke 04;1;2018
17;Sat Dec 22 2018;Eintracht Frankfurt;0;3;Bayern München;1;2018
17;Sat Dec 22 2018;Hannover 96;0;1;Fortuna Düsseldorf;1;2018
17;Sat Dec 22 2018;1. FC Nürnberg;0;1;SC Freiburg;1;2018
17;Sun Dec 23 2018;TSG 1899 Hoffenheim;1;1;1. FSV Mainz 05;1;2018
17;Sun Dec 23 2018;FC Augsburg;2;3;VfL Wolfsburg;1;2018
18;Fri Jan 18 2019;TSG 1899 Hoffenheim;1;3;Bayern München;1;2018
18;Sat Jan 19 2019;RB Leipzig;0;1;Borussia Dortmund;1;2018
18;Sat Jan 19 2019;Bayer 04 Leverkusen;0;1;Bor. Mönchengladbach;1;2018
18;Sat Jan 19 2019;Hannover 96;0;1;Werder Bremen;1;2018
18;Sat Jan 19 2019;Eintracht Frankfurt;3;1;SC Freiburg;1;2018
18;Sat Jan 19 2019;VfB Stuttgart;2;3;1. FSV Mainz 05;1;2018
18;Sat Jan 19 2019;FC Augsburg;1;2;Fortuna Düsseldorf;1;2018
18;Sun Jan 20 2019;1. FC Nürnberg;1;3;Hertha BSC;1;2018
18;Sun Jan 20 2019;FC Schalke 04;2;1;VfL Wolfsburg;1;2018
19;Fri Jan 25 2019;Hertha BSC;2;2;FC Schalke 04;1;2018
19;Sat Jan 26 2019;SC Freiburg;2;4;TSG 1899 Hoffenheim;1;2018
19;Sat Jan 26 2019;VfL Wolfsburg;0;3;Bayer 04 Leverkusen;1;2018
19;Sat Jan 26 2019;Werder Bremen;2;2;Eintracht Frankfurt;1;2018
19;Sat Jan 26 2019;Bor. Mönchengladbach;2;0;FC Augsburg;1;2018
19;Sat Jan 26 2019;Borussia Dortmund;5;1;Hannover 96;1;2018
19;Sat Jan 26 2019;1. FSV Mainz 05;2;1;1. FC Nürnberg;1;2018
19;Sun Jan 27 2019;Fortuna Düsseldorf;0;4;RB Leipzig;1;2018
19;Sun Jan 27 2019;Bayern München;4;1;VfB Stuttgart;1;2018
20;Fri Feb 1 2019;Hannover 96;0;3;RB Leipzig;1;2018
20;Sat Feb 2 2019;Eintracht Frankfurt;1;1;Borussia Dortmund;1;2018
20;Sat Feb 2 2019;FC Schalke 04;0;2;Bor. Mönchengladbach;1;2018
20;Sat Feb 2 2019;1. FC Nürnberg;1;1;Werder Bremen;1;2018
20;Sat Feb 2 2019;Hertha BSC;0;1;VfL Wolfsburg;1;2018
20;Sat Feb 2 2019;TSG 1899 Hoffenheim;1;1;Fortuna Düsseldorf;1;2018
20;Sat Feb 2 2019;Bayer 04 Leverkusen;3;1;Bayern München;1;2018
20;Sun Feb 3 2019;VfB Stuttgart;2;2;SC Freiburg;1;2018
20;Sun Feb 3 2019;FC Augsburg;3;0;1. FSV Mainz 05;1;2018
21;Fri Feb 8 2019;1. FSV Mainz 05;1;5;Bayer 04 Leverkusen;1;2018
21;Sat Feb 9 2019;Bayern München;3;1;FC Schalke 04;1;2018
21;Sat Feb 9 2019;Borussia Dortmund;3;3;TSG 1899 Hoffenheim;1;2018
21;Sat Feb 9 2019;RB Leipzig;0;0;Eintracht Frankfurt;1;2018
21;Sat Feb 9 2019;Bor. Mönchengladbach;0;3;Hertha BSC;1;2018
21;Sat Feb 9 2019;SC Freiburg;3;3;VfL Wolfsburg;1;2018
21;Sat Feb 9 2019;Hannover 96;2;0;1. FC Nürnberg;1;2018
21;Sun Feb 10 2019;Werder Bremen;4;0;FC Augsburg;1;2018
21;Sun Feb 10 2019;Fortuna Düsseldorf;3;0;VfB Stuttgart;1;2018
22;Fri Feb 15 2019;FC Augsburg;2;3;Bayern München;1;2018
22;Sat Feb 16 2019;VfB Stuttgart;1;3;RB Leipzig;1;2018
22;Sat Feb 16 2019;Hertha BSC;1;1;Werder Bremen;1;2018
22;Sat Feb 16 2019;TSG 1899 Hoffenheim;3;0;Hannover 96;1;2018
22;Sat Feb 16 2019;FC Schalke 04;0;0;SC Freiburg;1;2018
22;Sat Feb 16 2019;VfL Wolfsburg;3;0;1. FSV Mainz 05;1;2018
22;Sun Feb 17 2019;Eintracht Frankfurt;1;1;Bor. Mönchengladbach;1;2018
22;Sun Feb 17 2019;Bayer 04 Leverkusen;2;0;Fortuna Düsseldorf;1;2018
22;Mon Feb 18 2019;1. FC Nürnberg;0;0;Borussia Dortmund;1;2018
23;Fri Feb 22 2019;Werder Bremen;1;1;VfB Stuttgart;1;2018
23;Sat Feb 23 2019;1. FSV Mainz 05;3;0;FC Schalke 04;1;2018
23;Sat Feb 23 2019;Bayern München;1;0;Hertha BSC;1;2018
23;Sat Feb 23 2019;SC Freiburg;5;1;FC Augsburg;1;2018
23;Sat Feb 23 2019;Bor. Mönchengladbach;0;3;VfL Wolfsburg;1;2018
23;Sat Feb 23 2019;Fortuna Düsseldorf;2;1;1. FC Nürnberg;1;2018
23;Sun Feb 24 2019;Borussia Dortmund;3;2;Bayer 04 Leverkusen;1;2018
23;Sun Feb 24 2019;Hannover 96;0;3;Eintracht Frankfurt;1;2018
23;Mon Feb 25 2019;RB Leipzig;1;1;TSG 1899 Hoffenheim;1;2018
24;Fri Mar 1 2019;FC Augsburg;2;1;Borussia Dortmund;1;2018
24;Sat Mar 2 2019;Bor. Mönchengladbach;1;5;Bayern München;1;2018
24;Sat Mar 2 2019;Eintracht Frankfurt;3;2;TSG 1899 Hoffenheim;1;2018
24;Sat Mar 2 2019;1. FC Nürnberg;0;1;RB Leipzig;1;2018
24;Sat Mar 2 2019;Bayer 04 Leverkusen;2;0;SC Freiburg;1;2018
24;Sat Mar 2 2019;Hertha BSC;2;1;1. FSV Mainz 05;1;2018
24;Sat Mar 2 2019;FC Schalke 04;0;4;Fortuna Düsseldorf;1;2018
24;Sun Mar 3 2019;VfL Wolfsburg;1;1;Werder Bremen;1;2018
24;Sun Mar 3 2019;VfB Stuttgart;5;1;Hannover 96;1;2018
25;Fri Mar 8 2019;Werder Bremen;4;2;FC Schalke 04;1;2018
25;Sat Mar 9 2019;Borussia Dortmund;3;1;VfB Stuttgart;1;2018
25;Sat Mar 9 2019;1. FSV Mainz 05;0;1;Bor. Mönchengladbach;1;2018
25;Sat Mar 9 2019;SC Freiburg;2;1;Hertha BSC;1;2018
25;Sat Mar 9 2019;RB Leipzig;0;0;FC Augsburg;1;2018
25;Sat Mar 9 2019;Bayern München;6;0;VfL Wolfsburg;1;2018
25;Sun Mar 10 2019;TSG 1899 Hoffenheim;2;1;1. FC Nürnberg;1;2018
25;Sun Mar 10 2019;Hannover 96;2;3;Bayer 04 Leverkusen;1;2018
25;Mon Mar 11 2019;Fortuna Düsseldorf;0;3;Eintracht Frankfurt;1;2018
26;Fri Mar 15 2019;Bor. Mönchengladbach;1;1;SC Freiburg;1;2018
26;Sat Mar 16 2019;VfB Stuttgart;1;1;TSG 1899 Hoffenheim;1;2018
26;Sat Mar 16 2019;Hertha BSC;2;3;Borussia Dortmund;1;2018
26;Sat Mar 16 2019;FC Schalke 04;0;1;RB Leipzig;1;2018
26;Sat Mar 16 2019;FC Augsburg;3;1;Hannover 96;1;2018
26;Sat Mar 16 2019;VfL Wolfsburg;5;2;Fortuna Düsseldorf;1;2018
26;Sun Mar 17 2019;Bayer 04 Leverkusen;1;3;Werder Bremen;1;2018
26;Sun Mar 17 2019;Eintracht Frankfurt;1;0;1. FC Nürnberg;1;2018
26;Sun Mar 17 2019;Bayern München;6;0;1. FSV Mainz 05;1;2018
27;Fri Mar 29 2019;TSG 1899 Hoffenheim;4;1;Bayer 04 Leverkusen;1;2018
27;Sat Mar 30 2019;SC Freiburg;1;1;Bayern München;1;2018
27;Sat Mar 30 2019;Fortuna Düsseldorf;3;1;Bor. Mönchengladbach;1;2018
27;Sat Mar 30 2019;RB Leipzig;5;0;Hertha BSC;1;2018
27;Sat Mar 30 2019;1. FC Nürnberg;3;0;FC Augsburg;1;2018
27;Sat Mar 30 2019;Werder Bremen;3;1;1. FSV Mainz 05;1;2018
27;Sat Mar 30 2019;Borussia Dortmund;2;0;VfL Wolfsburg;1;2018
27;Sun Mar 31 2019;Hannover 96;0;1;FC Schalke 04;1;2018
27;Sun Mar 31 2019;Eintracht Frankfurt;3;0;VfB Stuttgart;1;2018
28;Fri Apr 5 2019;1. FSV Mainz 05;5;0;SC Freiburg;1;2018
28;Sat Apr 6 2019;Bayern München;5;0;Borussia Dortmund;1;2018
28;Sat Apr 6 2019;Bayer 04 Leverkusen;2;4;RB Leipzig;1;2018
28;Sat Apr 6 2019;FC Schalke 04;1;2;Eintracht Frankfurt;1;2018
28;Sat Apr 6 2019;VfL Wolfsburg;3;1;Hannover 96;1;2018
28;Sat Apr 6 2019;Hertha BSC;1;2;Fortuna Düsseldorf;1;2018
28;Sat Apr 6 2019;VfB Stuttgart;1;1;1. FC Nürnberg;1;2018
28;Sun Apr 7 2019;FC Augsburg;0;4;TSG 1899 Hoffenheim;1;2018
28;Sun Apr 7 2019;Bor. Mönchengladbach;1;1;Werder Bremen;1;2018
29;Fri Apr 12 2019;1. FC Nürnberg;1;1;FC Schalke 04;1;2018
29;Sat Apr 13 2019;RB Leipzig;2;0;VfL Wolfsburg;1;2018
29;Sat Apr 13 2019;VfB Stuttgart;0;1;Bayer 04 Leverkusen;1;2018
29;Sat Apr 13 2019;Werder Bremen;2;1;SC Freiburg;1;2018
29;Sat Apr 13 2019;Hannover 96;0;1;Bor. Mönchengladbach;1;2018
29;Sat Apr 13 2019;Borussia Dortmund;2;1;1. FSV Mainz 05;1;2018
29;Sun Apr 14 2019;TSG 1899 Hoffenheim;2;0;Hertha BSC;1;2018
29;Sun Apr 14 2019;Fortuna Düsseldorf;1;4;Bayern München;1;2018
29;Sun Apr 14 2019;Eintracht Frankfurt;1;3;FC Augsburg;1;2018
30;Sat Apr 20 2019;Bayern München;1;0;Werder Bremen;1;2018
30;Sat Apr 20 2019;Bayer 04 Leverkusen;2;0;1. FC Nürnberg;1;2018
30;Sat Apr 20 2019;FC Augsburg;6;0;VfB Stuttgart;1;2018
30;Sat Apr 20 2019;1. FSV Mainz 05;3;1;Fortuna Düsseldorf;1;2018
30;Sat Apr 20 2019;Bor. Mönchengladbach;1;2;RB Leipzig;1;2018
30;Sat Apr 20 2019;FC Schalke 04;2;5;TSG 1899 Hoffenheim;1;2018
30;Sun Apr 21 2019;SC Freiburg;0;4;Borussia Dortmund;1;2018
30;Sun Apr 21 2019;Hertha BSC;0;0;Hannover 96;1;2018
30;Mon Apr 22 2019;VfL Wolfsburg;1;1;Eintracht Frankfurt;1;2018
31;Fri Apr 26 2019;FC Augsburg;1;4;Bayer 04 Leverkusen;1;2018
31;Sat Apr 27 2019;Borussia Dortmund;2;4;FC Schalke 04;1;2018
31;Sat Apr 27 2019;RB Leipzig;2;1;SC Freiburg;1;2018
31;Sat Apr 27 2019;Eintracht Frankfurt;0;0;Hertha BSC;1;2018
31;Sat Apr 27 2019;Hannover 96;1;0;1. FSV Mainz 05;1;2018
31;Sat Apr 27 2019;Fortuna Düsseldorf;4;1;Werder Bremen;1;2018
31;Sat Apr 27 2019;VfB Stuttgart;1;0;Bor. Mönchengladbach;1;2018
31;Sun Apr 28 2019;TSG 1899 Hoffenheim;1;4;VfL Wolfsburg;1;2018
31;Sun Apr 28 2019;1. FC Nürnberg;1;1;Bayern München;1;2018
32;Fri May 3 2019;1. FSV Mainz 05;3;3;RB Leipzig;1;2018
32;Sat May 4 2019;Bayern München;3;1;Hannover 96;1;2018
32;Sat May 4 2019;Bor. Mönchengladbach;2;2;TSG 1899 Hoffenheim;1;2018
32;Sat May 4 2019;Hertha BSC;3;1;VfB Stuttgart;1;2018
32;Sat May 4 2019;VfL Wolfsburg;2;0;1. FC Nürnberg;1;2018
32;Sat May 4 2019;Werder Bremen;2;2;Borussia Dortmund;1;2018
32;Sun May 5 2019;FC Schalke 04;0;0;FC Augsburg;1;2018
32;Sun May 5 2019;SC Freiburg;1;1;Fortuna Düsseldorf;1;2018
32;Sun May 5 2019;Bayer 04 Leverkusen;6;1;Eintracht Frankfurt;1;2018
33;Sat May 11 2019;RB Leipzig;0;0;Bayern München;1;2018
33;Sat May 11 2019;Bayer 04 Leverkusen;1;1;FC Schalke 04;1;2018
33;Sat May 11 2019;1. FC Nürnberg;0;4;Bor. Mönchengladbach;1;2018
33;Sat May 11 2019;FC Augsburg;3;4;Hertha BSC;1;2018
33;Sat May 11 2019;TSG 1899 Hoffenheim;0;1;Werder Bremen;1;2018
33;Sat May 11 2019;Hannover 96;3;0;SC Freiburg;1;2018
33;Sat May 11 2019;VfB Stuttgart;3;0;VfL Wolfsburg;1;2018
33;Sat May 11 2019;Borussia Dortmund;3;2;Fortuna Düsseldorf;1;2018
33;Sun May 12 2019;Eintracht Frankfurt;0;2;1. FSV Mainz 05;1;2018
34;Sat May 18 2019;1. FSV Mainz 05;4;2;TSG 1899 Hoffenheim;1;2018
34;Sat May 18 2019;Bor. Mönchengladbach;0;2;Borussia Dortmund;1;2018
34;Sat May 18 2019;Hertha BSC;1;5;Bayer 04 Leverkusen;1;2018
34;Sat May 18 2019;Werder Bremen;2;1;RB Leipzig;1;2018
34;Sat May 18 2019;FC Schalke 04;0;0;VfB Stuttgart;1;2018
34;Sat May 18 2019;Bayern München;5;1;Eintracht Frankfurt;1;2018
34;Sat May 18 2019;VfL Wolfsburg;8;1;FC Augsburg;1;2018
34;Sat May 18 2019;Fortuna Düsseldorf;2;1;Hannover 96;1;2018
34;Sat May 18 2019;SC Freiburg;5;1;1. FC Nürnberg;1;2018
